-- MySQL dump 10.13  Distrib 5.5.41, for debian-linux-gnu (x86_64)
--
-- Host: localhost    Database: gsmock
-- ------------------------------------------------------
-- Server version	5.5.41-0ubuntu0.14.04.1

/*!40101 SET @OLD_CHARACTER_SET_CLIENT=@@CHARACTER_SET_CLIENT */;
/*!40101 SET @OLD_CHARACTER_SET_RESULTS=@@CHARACTER_SET_RESULTS */;
/*!40101 SET @OLD_COLLATION_CONNECTION=@@COLLATION_CONNECTION */;
/*!40101 SET NAMES utf8 */;
/*!40103 SET @OLD_TIME_ZONE=@@TIME_ZONE */;
/*!40103 SET TIME_ZONE='+00:00' */;
/*!40014 SET @OLD_UNIQUE_CHECKS=@@UNIQUE_CHECKS, UNIQUE_CHECKS=0 */;
/*!40014 SET @OLD_FOREIGN_KEY_CHECKS=@@FOREIGN_KEY_CHECKS, FOREIGN_KEY_CHECKS=0 */;
/*!40101 SET @OLD_SQL_MODE=@@SQL_MODE, SQL_MODE='NO_AUTO_VALUE_ON_ZERO' */;
/*!40111 SET @OLD_SQL_NOTES=@@SQL_NOTES, SQL_NOTES=0 */;

--
-- Table structure for table `algorithms`
--

DROP TABLE IF EXISTS `algorithms`;
/*!40101 SET @saved_cs_client     = @@character_set_client */;
/*!40101 SET character_set_client = utf8 */;
CREATE TABLE `algorithms` (
  `id` char(36) COLLATE utf8_unicode_ci NOT NULL,
  `protocol_id` char(36) COLLATE utf8_unicode_ci NOT NULL,
  `content` text COLLATE utf8_unicode_ci NOT NULL,
  `result_id` char(36) COLLATE utf8_unicode_ci NOT NULL,
  PRIMARY KEY (`id`),
  KEY `algorithms_protocol_id_foreign` (`protocol_id`),
  KEY `algorithms_result_id_foreign` (`result_id`),
  CONSTRAINT `algorithms_protocol_id_foreign` FOREIGN KEY (`protocol_id`) REFERENCES `protocols` (`id`),
  CONSTRAINT `algorithms_result_id_foreign` FOREIGN KEY (`result_id`) REFERENCES `parameters` (`id`)
) ENGINE=InnoDB DEFAULT CHARSET=utf8 COLLATE=utf8_unicode_ci;
/*!40101 SET character_set_client = @saved_cs_client */;

--
-- Dumping data for table `algorithms`
--

LOCK TABLES `algorithms` WRITE;
/*!40000 ALTER TABLE `algorithms` DISABLE KEYS */;
INSERT INTO `algorithms` VALUES ('02b0ea22-b821-4ad2-b42e-698b7df129bb','0991cb62-81bf-4f37-a008-f3fa2ce03e86','Fusce non ex tellus. Vestibulum aliquet lacinia augue, et euismod purus \ncongue eget. Nullam sit amet aliquet risus. Mauris suscipit lorem erat, \na lacinia eros commodo ac. Praesent eu varius magna. Ut aliquet mauris \nnulla, at commodo mi blandit in. Aliquam vel quam rhoncus, mattis lorem \nvitae, tempus tortor. Class aptent taciti sociosqu ad litora torquent \nper conubia nostra, per inceptos himenaeos. Nullam id facilisis felis. \nNulla facilisi. In et sapien leo. Pellentesque in ornare elit. In sed \nfinibus lectus, eget sodales risus.\n\nVestibulum vitae nibh eget arcu ullamcorper fringilla. Phasellus rhoncus \nlibero nulla, vel sollicitudin odio laoreet eu. Lorem ipsum dolor sit \namet, consectetur adipiscing elit. Sed quis facilisis libero, at ornare \naugue. Integer dignissim, mauris in malesuada tincidunt, turpis nunc \ntempor diam, at pretium mi quam id lectus. In nunc metus, ultrices id \nconsectetur sit amet, luctus vitae nunc. Duis in tristique erat, sit \namet ultrices lectus. Nunc mollis tellus non urna mollis pretium. In \nefficitur ante vel ante pharetra, eget elementum ipsum fermentum. ','6cb070f8-dde4-42b5-850f-e9688235e7b3'),('2eff7014-9374-4602-864f-1950e32f3aa8','8a1cc158-befd-496c-b3ae-7d0ce3f75b1a','! Because the type of the result parameter has a widget points-over-time,\n! this can be overridden by doctors via their graph.\n! If they don\'t, clearly we need a default...\nreturn $NEEDLE_MAX_POWER_OUTPUT;','b784fb7f-dbf8-4961-8cbe-9159b592cb78'),('327c6781-3ec3-408d-8eb4-583232970b28','95a9dc67-0d97-42b9-850d-697f7bc31c88','Fusce non ex tellus. Vestibulum aliquet lacinia augue, et euismod purus \ncongue eget. Nullam sit amet aliquet risus. Mauris suscipit lorem erat, \na lacinia eros commodo ac. Praesent eu varius magna. Ut aliquet mauris \nnulla, at commodo mi blandit in. Aliquam vel quam rhoncus, mattis lorem \nvitae, tempus tortor. Class aptent taciti sociosqu ad litora torquent \nper conubia nostra, per inceptos himenaeos. Nullam id facilisis felis. \nNulla facilisi. In et sapien leo. Pellentesque in ornare elit. In sed \nfinibus lectus, eget sodales risus.\n\nVestibulum vitae nibh eget arcu ullamcorper fringilla. Phasellus rhoncus \nlibero nulla, vel sollicitudin odio laoreet eu. Lorem ipsum dolor sit \namet, consectetur adipiscing elit. Sed quis facilisis libero, at ornare \naugue. Integer dignissim, mauris in malesuada tincidunt, turpis nunc \ntempor diam, at pretium mi quam id lectus. In nunc metus, ultrices id \nconsectetur sit amet, luctus vitae nunc. Duis in tristique erat, sit \namet ultrices lectus. Nunc mollis tellus non urna mollis pretium. In \nefficitur ante vel ante pharetra, eget elementum ipsum fermentum. ','7f44e6dc-665e-46ca-a856-b4d25885d7a2'),('5082784b-9fa9-4146-b2d6-02d325950337','0991cb62-81bf-4f37-a008-f3fa2ce03e86','Lorem ipsum dolor sit amet, consectetur adipiscing elit. Proin cursus \nfringilla dolor, at aliquam metus pellentesque a. Proin in scelerisque justo. \nProin at enim orci. Integer efficitur vel quam et pharetra. Cras porta \nultricies orci, sed dictum quam porttitor eu. Etiam suscipit dolor in ligula \nelementum imperdiet. Maecenas quis nunc eu lectus interdum venenatis nec id \nmauris. Nam at nisi quis est auctor fermentum auctor vel leo. Nullam id magna \ninterdum, euismod mauris ac, vestibulum metus. Etiam ex magna, faucibus vitae \ndiam a, maximus rutrum enim. Quisque in lectus a sapien consequat bibendum. \nProin pellentesque accumsan mauris, in iaculis mauris facilisis id.\n\nNulla dapibus, metus ut ullamcorper convallis, erat ante condimentum diam, ac \nviverra felis odio non enim. Mauris malesuada, ex vel congue feugiat, lectus \nsapien lobortis ex, non finibus velit neque vel turpis. Curabitur consequat \ntortor ac enim aliquam scelerisque. Sed nec libero consequat, bibendum tortor \nnec, feugiat augue. Donec tristique ex elit, nec eleifend dui tempor in. \nPraesent sed feugiat nibh, in ultrices enim. Fusce diam metus, posuere quis \nsem sed, dignissim congue lectus. Aenean in mollis elit, a interdum quam. \nInteger sem mi, vulputate imperdiet ligula et, lobortis ultrices odio. ','9c66e0a9-c8e8-4253-9c01-eb7333d3b600'),('5c01d502-363c-429e-9177-f2f99bbae70a','12744057-1a2a-4c20-aa6c-80c36b4c8ad4','Fusce non ex tellus. Vestibulum aliquet lacinia augue, et euismod purus \ncongue eget. Nullam sit amet aliquet risus. Mauris suscipit lorem erat, \na lacinia eros commodo ac. Praesent eu varius magna. Ut aliquet mauris \nnulla, at commodo mi blandit in. Aliquam vel quam rhoncus, mattis lorem \nvitae, tempus tortor. Class aptent taciti sociosqu ad litora torquent \nper conubia nostra, per inceptos himenaeos. Nullam id facilisis felis. \nNulla facilisi. In et sapien leo. Pellentesque in ornare elit. In sed \nfinibus lectus, eget sodales risus.\n\nVestibulum vitae nibh eget arcu ullamcorper fringilla. Phasellus rhoncus \nlibero nulla, vel sollicitudin odio laoreet eu. Lorem ipsum dolor sit \namet, consectetur adipiscing elit. Sed quis facilisis libero, at ornare \naugue. Integer dignissim, mauris in malesuada tincidunt, turpis nunc \ntempor diam, at pretium mi quam id lectus. In nunc metus, ultrices id \nconsectetur sit amet, luctus vitae nunc. Duis in tristique erat, sit \namet ultrices lectus. Nunc mollis tellus non urna mollis pretium. In \nefficitur ante vel ante pharetra, eget elementum ipsum fermentum. ','78482cd8-dfdf-4c79-9b08-681f8e8273e6'),('9033755c-8265-4172-9c28-7cfa7d4cdd8e','eac95df6-dd8d-4a29-a0bc-c269250ac948','Lorem ipsum dolor sit amet, consectetur adipiscing elit. Proin cursus \nfringilla dolor, at aliquam metus pellentesque a. Proin in scelerisque justo. \nProin at enim orci. Integer efficitur vel quam et pharetra. Cras porta \nultricies orci, sed dictum quam porttitor eu. Etiam suscipit dolor in ligula \nelementum imperdiet. Maecenas quis nunc eu lectus interdum venenatis nec id \nmauris. Nam at nisi quis est auctor fermentum auctor vel leo. Nullam id magna \ninterdum, euismod mauris ac, vestibulum metus. Etiam ex magna, faucibus vitae \ndiam a, maximus rutrum enim. Quisque in lectus a sapien consequat bibendum. \nProin pellentesque accumsan mauris, in iaculis mauris facilisis id.\n\nNulla dapibus, metus ut ullamcorper convallis, erat ante condimentum diam, ac \nviverra felis odio non enim. Mauris malesuada, ex vel congue feugiat, lectus \nsapien lobortis ex, non finibus velit neque vel turpis. Curabitur consequat \ntortor ac enim aliquam scelerisque. Sed nec libero consequat, bibendum tortor \nnec, feugiat augue. Donec tristique ex elit, nec eleifend dui tempor in. \nPraesent sed feugiat nibh, in ultrices enim. Fusce diam metus, posuere quis \nsem sed, dignissim congue lectus. Aenean in mollis elit, a interdum quam. \nInteger sem mi, vulputate imperdiet ligula et, lobortis ultrices odio. ','488a7ced-9ba8-40b9-b9f8-55914bcb8480'),('9fd61dd6-ad4d-4fac-8288-2e847eba7e56','93abe297-ef62-4cb3-a963-d7b48b772f4e','\nfunction protocol_power( Arguments )\n!\n!  defines power vs time for simulation\n!\n\n   ! log heating cycle start time for computing power increase\n   if ( ~exists(cycle_start_time) )\n       cycle_start_time = Time\n\n   if ( ~exists(roll_off_start) )\n       roll_off_start = 0\n\n   if ( ~exists(final_roll_off) )\n       final_roll_off = FALSE\n\n   ! first check if there has been roll off\n   if ( impedance > impedance_thresh )\n       roll_off_start = Time\n       roll_off_power = CurrentPower\n\n   ! if there is roll off during first 5 mins\n   if ( Time < 300 )\n       if ( roll_off_start > 0+eps )\n           if ( Time - roll_off_start >= 30 && Time - roll_off_start <=330 )\n               _protocol_power = roll_off_power/2\n               final_roll_off = TRUE\n\n           if ( Time - roll_off_start < 30 )\n               _protocol_power = 0\n\n           if ( Time - roll_off_start > 330 )\n               roll_off_start = 0\n               cycle_start_time = Time\n\n   ! if no roll off present raise to max and maintain\n   if ( roll_off_start < 0+eps )\n       if ( CurrentPower >= $MAX_POWER )\n           _protocol_power = $MAX_POWER\n       else\n           _protocol_power = (Time-cycle_start_time)*increase_rate_power/60\n\n   ! stop criteria\n   if ( Time >= 900 & ~final_roll_off)\n       final_roll_off = TRUE\n   if ( final_roll_off )\n       if ( roll_off_start > 0+eps )\n           END SIMULATION\n  ','43a13483-d9b8-483a-9c51-d94ce48815ff'),('a4563016-db8f-4208-b53f-3f0fdf97130f','95a9dc67-0d97-42b9-850d-697f7bc31c88','Lorem ipsum dolor sit amet, consectetur adipiscing elit. Proin cursus \nfringilla dolor, at aliquam metus pellentesque a. Proin in scelerisque justo. \nProin at enim orci. Integer efficitur vel quam et pharetra. Cras porta \nultricies orci, sed dictum quam porttitor eu. Etiam suscipit dolor in ligula \nelementum imperdiet. Maecenas quis nunc eu lectus interdum venenatis nec id \nmauris. Nam at nisi quis est auctor fermentum auctor vel leo. Nullam id magna \ninterdum, euismod mauris ac, vestibulum metus. Etiam ex magna, faucibus vitae \ndiam a, maximus rutrum enim. Quisque in lectus a sapien consequat bibendum. \nProin pellentesque accumsan mauris, in iaculis mauris facilisis id.\n\nNulla dapibus, metus ut ullamcorper convallis, erat ante condimentum diam, ac \nviverra felis odio non enim. Mauris malesuada, ex vel congue feugiat, lectus \nsapien lobortis ex, non finibus velit neque vel turpis. Curabitur consequat \ntortor ac enim aliquam scelerisque. Sed nec libero consequat, bibendum tortor \nnec, feugiat augue. Donec tristique ex elit, nec eleifend dui tempor in. \nPraesent sed feugiat nibh, in ultrices enim. Fusce diam metus, posuere quis \nsem sed, dignissim congue lectus. Aenean in mollis elit, a interdum quam. \nInteger sem mi, vulputate imperdiet ligula et, lobortis ultrices odio. ','49388f19-2a7e-483b-b617-cf498efdfa33'),('c149db00-827b-48fc-8b2a-2d970aebc967','eac95df6-dd8d-4a29-a0bc-c269250ac948','Fusce non ex tellus. Vestibulum aliquet lacinia augue, et euismod purus \ncongue eget. Nullam sit amet aliquet risus. Mauris suscipit lorem erat, \na lacinia eros commodo ac. Praesent eu varius magna. Ut aliquet mauris \nnulla, at commodo mi blandit in. Aliquam vel quam rhoncus, mattis lorem \nvitae, tempus tortor. Class aptent taciti sociosqu ad litora torquent \nper conubia nostra, per inceptos himenaeos. Nullam id facilisis felis. \nNulla facilisi. In et sapien leo. Pellentesque in ornare elit. In sed \nfinibus lectus, eget sodales risus.\n\nVestibulum vitae nibh eget arcu ullamcorper fringilla. Phasellus rhoncus \nlibero nulla, vel sollicitudin odio laoreet eu. Lorem ipsum dolor sit \namet, consectetur adipiscing elit. Sed quis facilisis libero, at ornare \naugue. Integer dignissim, mauris in malesuada tincidunt, turpis nunc \ntempor diam, at pretium mi quam id lectus. In nunc metus, ultrices id \nconsectetur sit amet, luctus vitae nunc. Duis in tristique erat, sit \namet ultrices lectus. Nunc mollis tellus non urna mollis pretium. In \nefficitur ante vel ante pharetra, eget elementum ipsum fermentum. ','6cf7e6b3-7476-4b93-83d3-0df10ae620be'),('ca0610bd-0485-4d75-819f-e93398659492','6c944a98-3e77-4794-8226-abdc6aed6b69','1 1 2 2 3 3 4 4 5','82588215-397a-42e5-8400-14365922b079'),('d628292c-732e-478c-b277-e760787e308f','6c944a98-3e77-4794-8226-abdc6aed6b69','5 6 5 6 5 6 5 6 6','498ecf76-5e21-4383-866f-7b36da85ebdc');
/*!40000 ALTER TABLE `algorithms` ENABLE KEYS */;
UNLOCK TABLES;

--
-- Table structure for table `arguments`
--

DROP TABLE IF EXISTS `arguments`;
/*!40101 SET @saved_cs_client     = @@character_set_client */;
/*!40101 SET character_set_client = utf8 */;
CREATE TABLE `arguments` (
  `id` char(36) COLLATE utf8_unicode_ci NOT NULL,
  `name` varchar(255) COLLATE utf8_unicode_ci NOT NULL,
  `argumentable_id` char(36) COLLATE utf8_unicode_ci NOT NULL,
  `argumentable_type` varchar(255) COLLATE utf8_unicode_ci NOT NULL,
  PRIMARY KEY (`id`)
) ENGINE=InnoDB DEFAULT CHARSET=utf8 COLLATE=utf8_unicode_ci;
/*!40101 SET character_set_client = @saved_cs_client */;

--
-- Dumping data for table `arguments`
--

LOCK TABLES `arguments` WRITE;
/*!40000 ALTER TABLE `arguments` DISABLE KEYS */;
INSERT INTO `arguments` VALUES ('07e8b674-af5b-4902-a016-03850e19397e','Time','9fd61dd6-ad4d-4fac-8288-2e847eba7e56','Algorithm'),('1ed7e716-6662-445f-97eb-42a70d94cdd7','Temperature','02b0ea22-b821-4ad2-b42e-698b7df129bb','Algorithm'),('3c00665d-3763-402d-8986-95d45596444c','Time','63aa2ce6-6b9e-484f-9ee6-64499458543b','NumericalModel'),('407f7210-27d8-4cf3-a460-83737d303795','Time','cb00eac6-4c34-4954-b305-a74e9c622d7d','NumericalModel'),('47c6e94d-71c4-4d37-b54c-006b3de68f83','Temperature','cb00eac6-4c34-4954-b305-a74e9c622d7d','NumericalModel'),('532a93e3-d75e-4640-8c44-5aede0ebd954','CurrentPower','9fd61dd6-ad4d-4fac-8288-2e847eba7e56','Algorithm'),('5f783200-c3d4-4074-81e9-a2755c81cd83','Temperature','637d304f-b643-48b2-ad14-c4ca0bdb3d07','NumericalModel'),('6765f4bb-0800-4332-a539-9d8e88c6d281','Time','36c8a137-1c50-46b5-9631-60352a37ad77','NumericalModel'),('6f06c122-3fd8-46a8-bc86-c97c5927245b','Time','a4563016-db8f-4208-b53f-3f0fdf97130f','Algorithm'),('71ae45c8-a7df-4421-b1c7-bbb395c20420','Time','2eff7014-9374-4602-864f-1950e32f3aa8','Algorithm'),('74a1b802-5840-4863-99ad-1d4cc247277a','Temperature','327c6781-3ec3-408d-8eb4-583232970b28','Algorithm'),('74f86546-29d3-429c-bc0d-3e28a3bbd002','Temperature','36c8a137-1c50-46b5-9631-60352a37ad77','NumericalModel'),('87eada27-ad68-45c0-b829-6ae5371658d9','Time','02b0ea22-b821-4ad2-b42e-698b7df129bb','Algorithm'),('8c821975-7200-4783-befc-bfac61c4b75f','Time','9033755c-8265-4172-9c28-7cfa7d4cdd8e','Algorithm'),('9156a006-e12c-409e-ada1-bf4a1ed6a8a6','Time','5082784b-9fa9-4146-b2d6-02d325950337','Algorithm'),('a711ed4c-4636-4d41-ad18-8e81308e6d2a','Time','4083b07b-759b-4956-a645-79a66b12653b','NumericalModel'),('b0a30670-d419-4b7a-9bf3-4dd45fa77a11','Temperature','63aa2ce6-6b9e-484f-9ee6-64499458543b','NumericalModel'),('b175a4e3-b74c-4f87-a7c7-77447c23c43c','Temperature','4083b07b-759b-4956-a645-79a66b12653b','NumericalModel'),('b47bc0f8-2867-45b9-8394-0993c8f64ed9','Temperature','c149db00-827b-48fc-8b2a-2d970aebc967','Algorithm'),('b906e193-8a85-4a41-a816-46870a79ca1e','Temperature','5c01d502-363c-429e-9177-f2f99bbae70a','Algorithm'),('c4628e6d-95c5-4758-8a5d-bf8c9076a76c','Time','637d304f-b643-48b2-ad14-c4ca0bdb3d07','NumericalModel'),('cab4546c-fc07-499e-b5ad-9b7933123a67','Time','c149db00-827b-48fc-8b2a-2d970aebc967','Algorithm'),('cce9dc0f-e43a-4d0f-8638-3e4d92b28aa8','Temperature','812906ea-c7cc-44c4-aa36-949f90e0bc28','NumericalModel'),('cf721e7d-fb70-421d-9883-f76108ce16d3','Time','812906ea-c7cc-44c4-aa36-949f90e0bc28','NumericalModel'),('e403766f-1d9e-4773-bc3a-05138cedf71b','Time','5c01d502-363c-429e-9177-f2f99bbae70a','Algorithm'),('fc7ae683-6a61-41a4-aa2b-63d85ac05973','Time','327c6781-3ec3-408d-8eb4-583232970b28','Algorithm');
/*!40000 ALTER TABLE `arguments` ENABLE KEYS */;
UNLOCK TABLES;

--
-- Table structure for table `combination_needle`
--

DROP TABLE IF EXISTS `combination_needle`;
/*!40101 SET @saved_cs_client     = @@character_set_client */;
/*!40101 SET character_set_client = utf8 */;
CREATE TABLE `combination_needle` (
  `id` int(10) unsigned NOT NULL AUTO_INCREMENT,
  `needle_id` char(36) COLLATE utf8_unicode_ci NOT NULL,
  `combination_id` char(36) COLLATE utf8_unicode_ci NOT NULL,
  PRIMARY KEY (`id`),
  KEY `combination_needle_needle_id_foreign` (`needle_id`),
  KEY `combination_needle_combination_id_foreign` (`combination_id`),
  CONSTRAINT `combination_needle_combination_id_foreign` FOREIGN KEY (`combination_id`) REFERENCES `combinations` (`id`),
  CONSTRAINT `combination_needle_needle_id_foreign` FOREIGN KEY (`needle_id`) REFERENCES `needles` (`id`)
) ENGINE=InnoDB AUTO_INCREMENT=148 DEFAULT CHARSET=utf8 COLLATE=utf8_unicode_ci;
/*!40101 SET character_set_client = @saved_cs_client */;

--
-- Dumping data for table `combination_needle`
--

LOCK TABLES `combination_needle` WRITE;
/*!40000 ALTER TABLE `combination_needle` DISABLE KEYS */;
INSERT INTO `combination_needle` VALUES (1,'4ca59975-f479-478c-a841-8cd54c6bc45b','44f43b2f-8dcf-475b-bf78-2d08346a14a2'),(2,'1bed13d7-36f2-4a11-9d9d-e82707d4efcc','d123b710-485f-45e8-82a2-486842b563f1'),(3,'1d46843c-fae8-472f-912c-eaf117697b30','1a0fae26-c3f9-437a-b6fe-b6f5b12edb73'),(4,'17c8d7fb-751c-4761-bcaa-3576f85643c0','73a9ea3f-dfed-4adf-a5ef-85081da0eba2'),(5,'37cc6771-8c92-4ca8-8e24-d3059bb499df','33c392dd-d4ba-43e5-8ff6-50e4ce6d4cd1'),(6,'7f45ef8b-b0df-46f6-9033-0e6a32b567b6','6ffe634b-c5ab-408c-a12c-51eb286055a8'),(7,'4ca59975-f479-478c-a841-8cd54c6bc45b','e3799081-6e5a-40f2-8ab9-2507e2739934'),(8,'1bed13d7-36f2-4a11-9d9d-e82707d4efcc','42c6fb6e-d392-4ae4-ad76-dccf2083508d'),(9,'1d46843c-fae8-472f-912c-eaf117697b30','55005932-938d-4c65-ac64-30727b8dec6a'),(10,'17c8d7fb-751c-4761-bcaa-3576f85643c0','235ea136-52c3-434f-9ea7-376c44762bed'),(11,'37cc6771-8c92-4ca8-8e24-d3059bb499df','6cdc1058-11f2-497d-8ff6-7c54827b85f3'),(12,'7f45ef8b-b0df-46f6-9033-0e6a32b567b6','56eae60d-2836-4cff-949f-d4140cb06f76'),(13,'4ca59975-f479-478c-a841-8cd54c6bc45b','77fa18ae-9fab-4308-9b83-7fc2740d0a8e'),(14,'1bed13d7-36f2-4a11-9d9d-e82707d4efcc','5d6a9887-f3e5-46b4-9a66-4fa151055f78'),(15,'1d46843c-fae8-472f-912c-eaf117697b30','cf10bbda-f954-40f8-a957-d382af9c49f1'),(16,'17c8d7fb-751c-4761-bcaa-3576f85643c0','0c273e1d-20ba-460e-a340-44ae651c4556'),(17,'37cc6771-8c92-4ca8-8e24-d3059bb499df','61139327-165c-4dda-8c43-50892095ed70'),(18,'7f45ef8b-b0df-46f6-9033-0e6a32b567b6','929be166-746d-4490-8fed-aa47eeae3096'),(19,'60c33e83-b31c-4f75-aaec-442d40f111b5','1c888ecc-5d35-405f-b7a1-627b0adbdbea'),(20,'ebd02164-7acd-40f3-8edd-a4be74997adf','1c888ecc-5d35-405f-b7a1-627b0adbdbea'),(21,'f9ea22db-616d-46eb-bcf3-2ffcab5e08dc','1c888ecc-5d35-405f-b7a1-627b0adbdbea'),(22,'60c33e83-b31c-4f75-aaec-442d40f111b5','16bf8f4e-aa9e-42e5-8fd9-9f65f128bc6b'),(23,'ebd02164-7acd-40f3-8edd-a4be74997adf','16bf8f4e-aa9e-42e5-8fd9-9f65f128bc6b'),(24,'f9ea22db-616d-46eb-bcf3-2ffcab5e08dc','16bf8f4e-aa9e-42e5-8fd9-9f65f128bc6b'),(25,'60c33e83-b31c-4f75-aaec-442d40f111b5','e5437b85-8bb2-4fbb-8110-5fceb89c6632'),(26,'ebd02164-7acd-40f3-8edd-a4be74997adf','e5437b85-8bb2-4fbb-8110-5fceb89c6632'),(27,'f9ea22db-616d-46eb-bcf3-2ffcab5e08dc','e5437b85-8bb2-4fbb-8110-5fceb89c6632'),(28,'d38b145c-d064-494e-bd8a-46d47b5d3f51','f473fd3f-c6b2-4fb2-b84f-75ee39a9c177'),(29,'60c33e83-b31c-4f75-aaec-442d40f111b5','ee7b52c2-ed1e-49dc-8185-33bc93ec7ebd'),(30,'ebd02164-7acd-40f3-8edd-a4be74997adf','ee7b52c2-ed1e-49dc-8185-33bc93ec7ebd'),(31,'f9ea22db-616d-46eb-bcf3-2ffcab5e08dc','ee7b52c2-ed1e-49dc-8185-33bc93ec7ebd'),(32,'60c33e83-b31c-4f75-aaec-442d40f111b5','511dd3b7-e896-4df7-b759-e0eab64bfa18'),(33,'ebd02164-7acd-40f3-8edd-a4be74997adf','511dd3b7-e896-4df7-b759-e0eab64bfa18'),(34,'f9ea22db-616d-46eb-bcf3-2ffcab5e08dc','511dd3b7-e896-4df7-b759-e0eab64bfa18'),(35,'60c33e83-b31c-4f75-aaec-442d40f111b5','ad58e5e4-b104-4a7d-8382-d2f620e84907'),(36,'ebd02164-7acd-40f3-8edd-a4be74997adf','ad58e5e4-b104-4a7d-8382-d2f620e84907'),(37,'f9ea22db-616d-46eb-bcf3-2ffcab5e08dc','ad58e5e4-b104-4a7d-8382-d2f620e84907'),(38,'d38b145c-d064-494e-bd8a-46d47b5d3f51','ed25b0df-df3f-4466-a7ad-3921720cb135'),(39,'60c33e83-b31c-4f75-aaec-442d40f111b5','50da1d60-77f4-41b5-9622-0fdfeceed5b8'),(40,'ebd02164-7acd-40f3-8edd-a4be74997adf','50da1d60-77f4-41b5-9622-0fdfeceed5b8'),(41,'f9ea22db-616d-46eb-bcf3-2ffcab5e08dc','50da1d60-77f4-41b5-9622-0fdfeceed5b8'),(42,'60c33e83-b31c-4f75-aaec-442d40f111b5','0e1c2f9f-0dc9-4e63-a20e-2ad575ee3c15'),(43,'ebd02164-7acd-40f3-8edd-a4be74997adf','0e1c2f9f-0dc9-4e63-a20e-2ad575ee3c15'),(44,'f9ea22db-616d-46eb-bcf3-2ffcab5e08dc','0e1c2f9f-0dc9-4e63-a20e-2ad575ee3c15'),(45,'60c33e83-b31c-4f75-aaec-442d40f111b5','b16c8a1b-cc79-4b2c-9447-049e3f67606d'),(46,'ebd02164-7acd-40f3-8edd-a4be74997adf','b16c8a1b-cc79-4b2c-9447-049e3f67606d'),(47,'f9ea22db-616d-46eb-bcf3-2ffcab5e08dc','b16c8a1b-cc79-4b2c-9447-049e3f67606d'),(48,'d38b145c-d064-494e-bd8a-46d47b5d3f51','edda9660-ce33-499e-a4cd-409cfa89d119'),(49,'bac873dd-5b34-412c-b469-661350abe3e4','44842fca-547e-4b48-b22c-8d9beddbc183'),(50,'5ab1022f-f9b3-4416-98e1-78332ebbd23e','44842fca-547e-4b48-b22c-8d9beddbc183'),(51,'1288b2a9-5122-49af-b11f-9be3e7380ec0','44842fca-547e-4b48-b22c-8d9beddbc183'),(52,'9b12d6cd-1bec-4e29-a21b-63f6a75725ca','44842fca-547e-4b48-b22c-8d9beddbc183'),(53,'1677c3c1-2271-4f09-955a-cbd71fdb8cee','44842fca-547e-4b48-b22c-8d9beddbc183'),(54,'c36aa197-7c61-45ab-b22a-a96d3b169c59','44842fca-547e-4b48-b22c-8d9beddbc183'),(55,'cf230dba-d401-4505-a6ce-5a0bd56bdac3','44842fca-547e-4b48-b22c-8d9beddbc183'),(56,'612cc9f6-3e30-43ca-a2e4-82c862ad0989','44842fca-547e-4b48-b22c-8d9beddbc183'),(57,'aa14991b-c07b-424d-bd5a-4f0e1940bef5','44842fca-547e-4b48-b22c-8d9beddbc183'),(58,'dc088049-9d9f-4977-b023-14fa310d50c7','44842fca-547e-4b48-b22c-8d9beddbc183'),(59,'c5a704e9-ed56-4cd2-a05c-a3aa39a8342a','44842fca-547e-4b48-b22c-8d9beddbc183'),(60,'bac873dd-5b34-412c-b469-661350abe3e4','a686dd27-1671-4ffc-915d-94e50581b9bb'),(61,'5ab1022f-f9b3-4416-98e1-78332ebbd23e','a686dd27-1671-4ffc-915d-94e50581b9bb'),(62,'1288b2a9-5122-49af-b11f-9be3e7380ec0','a686dd27-1671-4ffc-915d-94e50581b9bb'),(63,'9b12d6cd-1bec-4e29-a21b-63f6a75725ca','a686dd27-1671-4ffc-915d-94e50581b9bb'),(64,'1677c3c1-2271-4f09-955a-cbd71fdb8cee','a686dd27-1671-4ffc-915d-94e50581b9bb'),(65,'c36aa197-7c61-45ab-b22a-a96d3b169c59','a686dd27-1671-4ffc-915d-94e50581b9bb'),(66,'cf230dba-d401-4505-a6ce-5a0bd56bdac3','a686dd27-1671-4ffc-915d-94e50581b9bb'),(67,'612cc9f6-3e30-43ca-a2e4-82c862ad0989','a686dd27-1671-4ffc-915d-94e50581b9bb'),(68,'aa14991b-c07b-424d-bd5a-4f0e1940bef5','a686dd27-1671-4ffc-915d-94e50581b9bb'),(69,'dc088049-9d9f-4977-b023-14fa310d50c7','a686dd27-1671-4ffc-915d-94e50581b9bb'),(70,'c5a704e9-ed56-4cd2-a05c-a3aa39a8342a','a686dd27-1671-4ffc-915d-94e50581b9bb'),(71,'bac873dd-5b34-412c-b469-661350abe3e4','4d47709c-57cd-42af-86e4-75d4fe08ddb4'),(72,'5ab1022f-f9b3-4416-98e1-78332ebbd23e','4d47709c-57cd-42af-86e4-75d4fe08ddb4'),(73,'1288b2a9-5122-49af-b11f-9be3e7380ec0','4d47709c-57cd-42af-86e4-75d4fe08ddb4'),(74,'9b12d6cd-1bec-4e29-a21b-63f6a75725ca','4d47709c-57cd-42af-86e4-75d4fe08ddb4'),(75,'1677c3c1-2271-4f09-955a-cbd71fdb8cee','4d47709c-57cd-42af-86e4-75d4fe08ddb4'),(76,'c36aa197-7c61-45ab-b22a-a96d3b169c59','4d47709c-57cd-42af-86e4-75d4fe08ddb4'),(77,'cf230dba-d401-4505-a6ce-5a0bd56bdac3','4d47709c-57cd-42af-86e4-75d4fe08ddb4'),(78,'612cc9f6-3e30-43ca-a2e4-82c862ad0989','4d47709c-57cd-42af-86e4-75d4fe08ddb4'),(79,'aa14991b-c07b-424d-bd5a-4f0e1940bef5','4d47709c-57cd-42af-86e4-75d4fe08ddb4'),(80,'dc088049-9d9f-4977-b023-14fa310d50c7','4d47709c-57cd-42af-86e4-75d4fe08ddb4'),(81,'c5a704e9-ed56-4cd2-a05c-a3aa39a8342a','4d47709c-57cd-42af-86e4-75d4fe08ddb4'),(82,'bac873dd-5b34-412c-b469-661350abe3e4','8ce7da64-cbf6-463c-9310-0275a9249014'),(83,'5ab1022f-f9b3-4416-98e1-78332ebbd23e','8ce7da64-cbf6-463c-9310-0275a9249014'),(84,'1288b2a9-5122-49af-b11f-9be3e7380ec0','8ce7da64-cbf6-463c-9310-0275a9249014'),(85,'9b12d6cd-1bec-4e29-a21b-63f6a75725ca','8ce7da64-cbf6-463c-9310-0275a9249014'),(86,'1677c3c1-2271-4f09-955a-cbd71fdb8cee','8ce7da64-cbf6-463c-9310-0275a9249014'),(87,'c36aa197-7c61-45ab-b22a-a96d3b169c59','8ce7da64-cbf6-463c-9310-0275a9249014'),(88,'cf230dba-d401-4505-a6ce-5a0bd56bdac3','8ce7da64-cbf6-463c-9310-0275a9249014'),(89,'612cc9f6-3e30-43ca-a2e4-82c862ad0989','8ce7da64-cbf6-463c-9310-0275a9249014'),(90,'aa14991b-c07b-424d-bd5a-4f0e1940bef5','8ce7da64-cbf6-463c-9310-0275a9249014'),(91,'dc088049-9d9f-4977-b023-14fa310d50c7','8ce7da64-cbf6-463c-9310-0275a9249014'),(92,'c5a704e9-ed56-4cd2-a05c-a3aa39a8342a','8ce7da64-cbf6-463c-9310-0275a9249014'),(93,'bac873dd-5b34-412c-b469-661350abe3e4','cb279b02-623c-42cb-b808-5ec3197a805b'),(94,'5ab1022f-f9b3-4416-98e1-78332ebbd23e','cb279b02-623c-42cb-b808-5ec3197a805b'),(95,'1288b2a9-5122-49af-b11f-9be3e7380ec0','cb279b02-623c-42cb-b808-5ec3197a805b'),(96,'9b12d6cd-1bec-4e29-a21b-63f6a75725ca','cb279b02-623c-42cb-b808-5ec3197a805b'),(97,'1677c3c1-2271-4f09-955a-cbd71fdb8cee','cb279b02-623c-42cb-b808-5ec3197a805b'),(98,'c36aa197-7c61-45ab-b22a-a96d3b169c59','cb279b02-623c-42cb-b808-5ec3197a805b'),(99,'cf230dba-d401-4505-a6ce-5a0bd56bdac3','cb279b02-623c-42cb-b808-5ec3197a805b'),(100,'612cc9f6-3e30-43ca-a2e4-82c862ad0989','cb279b02-623c-42cb-b808-5ec3197a805b'),(101,'aa14991b-c07b-424d-bd5a-4f0e1940bef5','cb279b02-623c-42cb-b808-5ec3197a805b'),(102,'dc088049-9d9f-4977-b023-14fa310d50c7','cb279b02-623c-42cb-b808-5ec3197a805b'),(103,'c5a704e9-ed56-4cd2-a05c-a3aa39a8342a','cb279b02-623c-42cb-b808-5ec3197a805b'),(104,'bac873dd-5b34-412c-b469-661350abe3e4','baad2939-374e-4897-8e61-ceec8d0e7e46'),(105,'5ab1022f-f9b3-4416-98e1-78332ebbd23e','baad2939-374e-4897-8e61-ceec8d0e7e46'),(106,'1288b2a9-5122-49af-b11f-9be3e7380ec0','baad2939-374e-4897-8e61-ceec8d0e7e46'),(107,'9b12d6cd-1bec-4e29-a21b-63f6a75725ca','baad2939-374e-4897-8e61-ceec8d0e7e46'),(108,'1677c3c1-2271-4f09-955a-cbd71fdb8cee','baad2939-374e-4897-8e61-ceec8d0e7e46'),(109,'c36aa197-7c61-45ab-b22a-a96d3b169c59','baad2939-374e-4897-8e61-ceec8d0e7e46'),(110,'cf230dba-d401-4505-a6ce-5a0bd56bdac3','baad2939-374e-4897-8e61-ceec8d0e7e46'),(111,'612cc9f6-3e30-43ca-a2e4-82c862ad0989','baad2939-374e-4897-8e61-ceec8d0e7e46'),(112,'aa14991b-c07b-424d-bd5a-4f0e1940bef5','baad2939-374e-4897-8e61-ceec8d0e7e46'),(113,'dc088049-9d9f-4977-b023-14fa310d50c7','baad2939-374e-4897-8e61-ceec8d0e7e46'),(114,'c5a704e9-ed56-4cd2-a05c-a3aa39a8342a','baad2939-374e-4897-8e61-ceec8d0e7e46'),(115,'6363e60c-a5cd-4aa2-80d4-6275adcfc457','d90c5e1c-1f20-42e2-b0b0-932569ded93c'),(116,'ead62e8d-fae7-4a11-bc4b-2a0434aa2c93','d90c5e1c-1f20-42e2-b0b0-932569ded93c'),(117,'6ffade88-b7aa-4739-9cf3-aacd2c25ce08','d90c5e1c-1f20-42e2-b0b0-932569ded93c'),(118,'a3bbebfb-fd29-4994-8482-0030b7502e6e','d90c5e1c-1f20-42e2-b0b0-932569ded93c'),(119,'6363e60c-a5cd-4aa2-80d4-6275adcfc457','2b9a91e6-bcfa-41d8-8953-3e3cdcd595c1'),(120,'ead62e8d-fae7-4a11-bc4b-2a0434aa2c93','2b9a91e6-bcfa-41d8-8953-3e3cdcd595c1'),(121,'6ffade88-b7aa-4739-9cf3-aacd2c25ce08','2b9a91e6-bcfa-41d8-8953-3e3cdcd595c1'),(122,'a3bbebfb-fd29-4994-8482-0030b7502e6e','2b9a91e6-bcfa-41d8-8953-3e3cdcd595c1'),(123,'6363e60c-a5cd-4aa2-80d4-6275adcfc457','72d0d092-56d3-4d24-9869-57826f12a2c9'),(124,'ead62e8d-fae7-4a11-bc4b-2a0434aa2c93','72d0d092-56d3-4d24-9869-57826f12a2c9'),(125,'6ffade88-b7aa-4739-9cf3-aacd2c25ce08','72d0d092-56d3-4d24-9869-57826f12a2c9'),(126,'a3bbebfb-fd29-4994-8482-0030b7502e6e','72d0d092-56d3-4d24-9869-57826f12a2c9'),(127,'6363e60c-a5cd-4aa2-80d4-6275adcfc457','202e1d82-b40f-4caf-9804-56305be9c86c'),(128,'ead62e8d-fae7-4a11-bc4b-2a0434aa2c93','202e1d82-b40f-4caf-9804-56305be9c86c'),(129,'6ffade88-b7aa-4739-9cf3-aacd2c25ce08','202e1d82-b40f-4caf-9804-56305be9c86c'),(130,'a3bbebfb-fd29-4994-8482-0030b7502e6e','202e1d82-b40f-4caf-9804-56305be9c86c'),(131,'6363e60c-a5cd-4aa2-80d4-6275adcfc457','5070e748-8e3b-4387-bc69-56f617f0e0eb'),(132,'ead62e8d-fae7-4a11-bc4b-2a0434aa2c93','5070e748-8e3b-4387-bc69-56f617f0e0eb'),(133,'6ffade88-b7aa-4739-9cf3-aacd2c25ce08','5070e748-8e3b-4387-bc69-56f617f0e0eb'),(134,'a3bbebfb-fd29-4994-8482-0030b7502e6e','5070e748-8e3b-4387-bc69-56f617f0e0eb'),(135,'6363e60c-a5cd-4aa2-80d4-6275adcfc457','e1eaff24-e54e-45a2-ab67-3e0643fd93b9'),(136,'ead62e8d-fae7-4a11-bc4b-2a0434aa2c93','e1eaff24-e54e-45a2-ab67-3e0643fd93b9'),(137,'6ffade88-b7aa-4739-9cf3-aacd2c25ce08','e1eaff24-e54e-45a2-ab67-3e0643fd93b9'),(138,'a3bbebfb-fd29-4994-8482-0030b7502e6e','e1eaff24-e54e-45a2-ab67-3e0643fd93b9'),(139,'6363e60c-a5cd-4aa2-80d4-6275adcfc457','63a9b810-5f00-4f9b-a5c1-5960c9956d61'),(140,'ead62e8d-fae7-4a11-bc4b-2a0434aa2c93','63a9b810-5f00-4f9b-a5c1-5960c9956d61'),(141,'6ffade88-b7aa-4739-9cf3-aacd2c25ce08','63a9b810-5f00-4f9b-a5c1-5960c9956d61'),(142,'a3bbebfb-fd29-4994-8482-0030b7502e6e','63a9b810-5f00-4f9b-a5c1-5960c9956d61'),(143,'6363e60c-a5cd-4aa2-80d4-6275adcfc457','50db8e17-9090-472b-b72c-3497acd88c13'),(144,'ead62e8d-fae7-4a11-bc4b-2a0434aa2c93','50db8e17-9090-472b-b72c-3497acd88c13'),(145,'6ffade88-b7aa-4739-9cf3-aacd2c25ce08','50db8e17-9090-472b-b72c-3497acd88c13'),(146,'a3bbebfb-fd29-4994-8482-0030b7502e6e','50db8e17-9090-472b-b72c-3497acd88c13'),(147,'039816b6-742a-4558-a9e8-a2e66cd87837','3b1a920a-eeca-4350-9416-dc9665304528');
/*!40000 ALTER TABLE `combination_needle` ENABLE KEYS */;
UNLOCK TABLES;

--
-- Table structure for table `combinations`
--

DROP TABLE IF EXISTS `combinations`;
/*!40101 SET @saved_cs_client     = @@character_set_client */;
/*!40101 SET character_set_client = utf8 */;
CREATE TABLE `combinations` (
  `id` char(36) COLLATE utf8_unicode_ci NOT NULL,
  `numerical_model_id` char(36) COLLATE utf8_unicode_ci NOT NULL,
  `power_generator_id` char(36) COLLATE utf8_unicode_ci NOT NULL,
  `protocol_id` char(36) COLLATE utf8_unicode_ci NOT NULL,
  `context_id` char(36) COLLATE utf8_unicode_ci NOT NULL,
  PRIMARY KEY (`id`),
  KEY `combinations_numerical_model_id_foreign` (`numerical_model_id`),
  KEY `combinations_power_generator_id_foreign` (`power_generator_id`),
  KEY `combinations_protocol_id_foreign` (`protocol_id`),
  KEY `combinations_context_id_foreign` (`context_id`),
  CONSTRAINT `combinations_context_id_foreign` FOREIGN KEY (`context_id`) REFERENCES `contexts` (`id`),
  CONSTRAINT `combinations_numerical_model_id_foreign` FOREIGN KEY (`numerical_model_id`) REFERENCES `numerical_models` (`id`),
  CONSTRAINT `combinations_power_generator_id_foreign` FOREIGN KEY (`power_generator_id`) REFERENCES `power_generators` (`id`),
  CONSTRAINT `combinations_protocol_id_foreign` FOREIGN KEY (`protocol_id`) REFERENCES `protocols` (`id`)
) ENGINE=InnoDB DEFAULT CHARSET=utf8 COLLATE=utf8_unicode_ci;
/*!40101 SET character_set_client = @saved_cs_client */;

--
-- Dumping data for table `combinations`
--

LOCK TABLES `combinations` WRITE;
/*!40000 ALTER TABLE `combinations` DISABLE KEYS */;
INSERT INTO `combinations` VALUES ('0c273e1d-20ba-460e-a340-44ae651c4556','812906ea-c7cc-44c4-aa36-949f90e0bc28','691ea2ab-4ef3-4adb-a7af-e7480a896913','f1f81cea-d4ce-4c7b-a825-90b6458c764b','71ea3017-ec2f-469d-81a9-deaa95671ce1'),('0e1c2f9f-0dc9-4e63-a20e-2ad575ee3c15','812906ea-c7cc-44c4-aa36-949f90e0bc28','7800bc0b-d545-4cc2-81e0-bb5f2eb0b3be','eac95df6-dd8d-4a29-a0bc-c269250ac948','71ea3017-ec2f-469d-81a9-deaa95671ce1'),('16bf8f4e-aa9e-42e5-8fd9-9f65f128bc6b','812906ea-c7cc-44c4-aa36-949f90e0bc28','7800bc0b-d545-4cc2-81e0-bb5f2eb0b3be','eac95df6-dd8d-4a29-a0bc-c269250ac948','407a370f-980d-436e-ac8c-2c12788ed739'),('1a0fae26-c3f9-437a-b6fe-b6f5b12edb73','812906ea-c7cc-44c4-aa36-949f90e0bc28','691ea2ab-4ef3-4adb-a7af-e7480a896913','717f6bc5-b343-4d55-bf00-cba1fe7234a8','407a370f-980d-436e-ac8c-2c12788ed739'),('1c888ecc-5d35-405f-b7a1-627b0adbdbea','812906ea-c7cc-44c4-aa36-949f90e0bc28','7800bc0b-d545-4cc2-81e0-bb5f2eb0b3be','0991cb62-81bf-4f37-a008-f3fa2ce03e86','407a370f-980d-436e-ac8c-2c12788ed739'),('202e1d82-b40f-4caf-9804-56305be9c86c','4083b07b-759b-4956-a645-79a66b12653b','47869a9f-6d0f-442a-af6f-dad6fbd069e6','e0c088c6-228a-4642-a8ee-249d04f86afd','407a370f-980d-436e-ac8c-2c12788ed739'),('235ea136-52c3-434f-9ea7-376c44762bed','812906ea-c7cc-44c4-aa36-949f90e0bc28','691ea2ab-4ef3-4adb-a7af-e7480a896913','f1f81cea-d4ce-4c7b-a825-90b6458c764b','713ed26f-806b-413e-aa79-995256dac646'),('2b9a91e6-bcfa-41d8-8953-3e3cdcd595c1','4083b07b-759b-4956-a645-79a66b12653b','a3fb24c8-cf0a-4a68-836d-b5e70e42d6dc','e0c088c6-228a-4642-a8ee-249d04f86afd','407a370f-980d-436e-ac8c-2c12788ed739'),('33c392dd-d4ba-43e5-8ff6-50e4ce6d4cd1','812906ea-c7cc-44c4-aa36-949f90e0bc28','691ea2ab-4ef3-4adb-a7af-e7480a896913','93abe297-ef62-4cb3-a963-d7b48b772f4e','407a370f-980d-436e-ac8c-2c12788ed739'),('3b1a920a-eeca-4350-9416-dc9665304528','637d304f-b643-48b2-ad14-c4ca0bdb3d07','56e90cfb-6f26-468f-b40d-cf1a89bbbec9','6c944a98-3e77-4794-8226-abdc6aed6b69','713ed26f-806b-413e-aa79-995256dac646'),('42c6fb6e-d392-4ae4-ad76-dccf2083508d','812906ea-c7cc-44c4-aa36-949f90e0bc28','691ea2ab-4ef3-4adb-a7af-e7480a896913','38e98665-e6fb-4f46-b92a-14eff448221f','713ed26f-806b-413e-aa79-995256dac646'),('44842fca-547e-4b48-b22c-8d9beddbc183','36c8a137-1c50-46b5-9631-60352a37ad77','224ff20e-e52a-4ace-9e7c-95537203a4ae','8a1cc158-befd-496c-b3ae-7d0ce3f75b1a','713ed26f-806b-413e-aa79-995256dac646'),('44f43b2f-8dcf-475b-bf78-2d08346a14a2','812906ea-c7cc-44c4-aa36-949f90e0bc28','691ea2ab-4ef3-4adb-a7af-e7480a896913','afea9c82-8a75-4083-8439-dd647656322a','407a370f-980d-436e-ac8c-2c12788ed739'),('4d47709c-57cd-42af-86e4-75d4fe08ddb4','36c8a137-1c50-46b5-9631-60352a37ad77','224ff20e-e52a-4ace-9e7c-95537203a4ae','8a1cc158-befd-496c-b3ae-7d0ce3f75b1a','407a370f-980d-436e-ac8c-2c12788ed739'),('5070e748-8e3b-4387-bc69-56f617f0e0eb','cb00eac6-4c34-4954-b305-a74e9c622d7d','1dfe0ab8-40a7-40d8-bc1b-47eca360a5ae','e0c088c6-228a-4642-a8ee-249d04f86afd','407a370f-980d-436e-ac8c-2c12788ed739'),('50da1d60-77f4-41b5-9622-0fdfeceed5b8','812906ea-c7cc-44c4-aa36-949f90e0bc28','7800bc0b-d545-4cc2-81e0-bb5f2eb0b3be','0991cb62-81bf-4f37-a008-f3fa2ce03e86','71ea3017-ec2f-469d-81a9-deaa95671ce1'),('50db8e17-9090-472b-b72c-3497acd88c13','cb00eac6-4c34-4954-b305-a74e9c622d7d','47869a9f-6d0f-442a-af6f-dad6fbd069e6','e0c088c6-228a-4642-a8ee-249d04f86afd','407a370f-980d-436e-ac8c-2c12788ed739'),('511dd3b7-e896-4df7-b759-e0eab64bfa18','812906ea-c7cc-44c4-aa36-949f90e0bc28','7800bc0b-d545-4cc2-81e0-bb5f2eb0b3be','eac95df6-dd8d-4a29-a0bc-c269250ac948','713ed26f-806b-413e-aa79-995256dac646'),('55005932-938d-4c65-ac64-30727b8dec6a','812906ea-c7cc-44c4-aa36-949f90e0bc28','691ea2ab-4ef3-4adb-a7af-e7480a896913','717f6bc5-b343-4d55-bf00-cba1fe7234a8','713ed26f-806b-413e-aa79-995256dac646'),('56eae60d-2836-4cff-949f-d4140cb06f76','812906ea-c7cc-44c4-aa36-949f90e0bc28','691ea2ab-4ef3-4adb-a7af-e7480a896913','f5a7fd6a-7275-4b6e-97d5-7e4c7a9315c3','713ed26f-806b-413e-aa79-995256dac646'),('5d6a9887-f3e5-46b4-9a66-4fa151055f78','812906ea-c7cc-44c4-aa36-949f90e0bc28','691ea2ab-4ef3-4adb-a7af-e7480a896913','38e98665-e6fb-4f46-b92a-14eff448221f','71ea3017-ec2f-469d-81a9-deaa95671ce1'),('61139327-165c-4dda-8c43-50892095ed70','812906ea-c7cc-44c4-aa36-949f90e0bc28','691ea2ab-4ef3-4adb-a7af-e7480a896913','93abe297-ef62-4cb3-a963-d7b48b772f4e','71ea3017-ec2f-469d-81a9-deaa95671ce1'),('63a9b810-5f00-4f9b-a5c1-5960c9956d61','cb00eac6-4c34-4954-b305-a74e9c622d7d','cc576e83-a07d-4a3d-ade1-495b2cdba108','e0c088c6-228a-4642-a8ee-249d04f86afd','407a370f-980d-436e-ac8c-2c12788ed739'),('6cdc1058-11f2-497d-8ff6-7c54827b85f3','812906ea-c7cc-44c4-aa36-949f90e0bc28','691ea2ab-4ef3-4adb-a7af-e7480a896913','93abe297-ef62-4cb3-a963-d7b48b772f4e','713ed26f-806b-413e-aa79-995256dac646'),('6ffe634b-c5ab-408c-a12c-51eb286055a8','812906ea-c7cc-44c4-aa36-949f90e0bc28','691ea2ab-4ef3-4adb-a7af-e7480a896913','f5a7fd6a-7275-4b6e-97d5-7e4c7a9315c3','407a370f-980d-436e-ac8c-2c12788ed739'),('72d0d092-56d3-4d24-9869-57826f12a2c9','4083b07b-759b-4956-a645-79a66b12653b','cc576e83-a07d-4a3d-ade1-495b2cdba108','e0c088c6-228a-4642-a8ee-249d04f86afd','407a370f-980d-436e-ac8c-2c12788ed739'),('73a9ea3f-dfed-4adf-a5ef-85081da0eba2','812906ea-c7cc-44c4-aa36-949f90e0bc28','691ea2ab-4ef3-4adb-a7af-e7480a896913','f1f81cea-d4ce-4c7b-a825-90b6458c764b','407a370f-980d-436e-ac8c-2c12788ed739'),('77fa18ae-9fab-4308-9b83-7fc2740d0a8e','812906ea-c7cc-44c4-aa36-949f90e0bc28','691ea2ab-4ef3-4adb-a7af-e7480a896913','afea9c82-8a75-4083-8439-dd647656322a','71ea3017-ec2f-469d-81a9-deaa95671ce1'),('8ce7da64-cbf6-463c-9310-0275a9249014','63aa2ce6-6b9e-484f-9ee6-64499458543b','224ff20e-e52a-4ace-9e7c-95537203a4ae','8a1cc158-befd-496c-b3ae-7d0ce3f75b1a','407a370f-980d-436e-ac8c-2c12788ed739'),('929be166-746d-4490-8fed-aa47eeae3096','812906ea-c7cc-44c4-aa36-949f90e0bc28','691ea2ab-4ef3-4adb-a7af-e7480a896913','f5a7fd6a-7275-4b6e-97d5-7e4c7a9315c3','71ea3017-ec2f-469d-81a9-deaa95671ce1'),('a686dd27-1671-4ffc-915d-94e50581b9bb','63aa2ce6-6b9e-484f-9ee6-64499458543b','224ff20e-e52a-4ace-9e7c-95537203a4ae','8a1cc158-befd-496c-b3ae-7d0ce3f75b1a','713ed26f-806b-413e-aa79-995256dac646'),('ad58e5e4-b104-4a7d-8382-d2f620e84907','812906ea-c7cc-44c4-aa36-949f90e0bc28','7800bc0b-d545-4cc2-81e0-bb5f2eb0b3be','95a9dc67-0d97-42b9-850d-697f7bc31c88','713ed26f-806b-413e-aa79-995256dac646'),('b16c8a1b-cc79-4b2c-9447-049e3f67606d','812906ea-c7cc-44c4-aa36-949f90e0bc28','7800bc0b-d545-4cc2-81e0-bb5f2eb0b3be','95a9dc67-0d97-42b9-850d-697f7bc31c88','71ea3017-ec2f-469d-81a9-deaa95671ce1'),('baad2939-374e-4897-8e61-ceec8d0e7e46','63aa2ce6-6b9e-484f-9ee6-64499458543b','224ff20e-e52a-4ace-9e7c-95537203a4ae','8a1cc158-befd-496c-b3ae-7d0ce3f75b1a','71ea3017-ec2f-469d-81a9-deaa95671ce1'),('cb279b02-623c-42cb-b808-5ec3197a805b','36c8a137-1c50-46b5-9631-60352a37ad77','224ff20e-e52a-4ace-9e7c-95537203a4ae','8a1cc158-befd-496c-b3ae-7d0ce3f75b1a','71ea3017-ec2f-469d-81a9-deaa95671ce1'),('cf10bbda-f954-40f8-a957-d382af9c49f1','812906ea-c7cc-44c4-aa36-949f90e0bc28','691ea2ab-4ef3-4adb-a7af-e7480a896913','717f6bc5-b343-4d55-bf00-cba1fe7234a8','71ea3017-ec2f-469d-81a9-deaa95671ce1'),('d123b710-485f-45e8-82a2-486842b563f1','812906ea-c7cc-44c4-aa36-949f90e0bc28','691ea2ab-4ef3-4adb-a7af-e7480a896913','38e98665-e6fb-4f46-b92a-14eff448221f','407a370f-980d-436e-ac8c-2c12788ed739'),('d90c5e1c-1f20-42e2-b0b0-932569ded93c','4083b07b-759b-4956-a645-79a66b12653b','1dfe0ab8-40a7-40d8-bc1b-47eca360a5ae','e0c088c6-228a-4642-a8ee-249d04f86afd','407a370f-980d-436e-ac8c-2c12788ed739'),('e1eaff24-e54e-45a2-ab67-3e0643fd93b9','cb00eac6-4c34-4954-b305-a74e9c622d7d','a3fb24c8-cf0a-4a68-836d-b5e70e42d6dc','e0c088c6-228a-4642-a8ee-249d04f86afd','407a370f-980d-436e-ac8c-2c12788ed739'),('e3799081-6e5a-40f2-8ab9-2507e2739934','812906ea-c7cc-44c4-aa36-949f90e0bc28','691ea2ab-4ef3-4adb-a7af-e7480a896913','afea9c82-8a75-4083-8439-dd647656322a','713ed26f-806b-413e-aa79-995256dac646'),('e5437b85-8bb2-4fbb-8110-5fceb89c6632','812906ea-c7cc-44c4-aa36-949f90e0bc28','7800bc0b-d545-4cc2-81e0-bb5f2eb0b3be','95a9dc67-0d97-42b9-850d-697f7bc31c88','407a370f-980d-436e-ac8c-2c12788ed739'),('ed25b0df-df3f-4466-a7ad-3921720cb135','812906ea-c7cc-44c4-aa36-949f90e0bc28','7800bc0b-d545-4cc2-81e0-bb5f2eb0b3be','12744057-1a2a-4c20-aa6c-80c36b4c8ad4','713ed26f-806b-413e-aa79-995256dac646'),('edda9660-ce33-499e-a4cd-409cfa89d119','812906ea-c7cc-44c4-aa36-949f90e0bc28','7800bc0b-d545-4cc2-81e0-bb5f2eb0b3be','12744057-1a2a-4c20-aa6c-80c36b4c8ad4','71ea3017-ec2f-469d-81a9-deaa95671ce1'),('ee7b52c2-ed1e-49dc-8185-33bc93ec7ebd','812906ea-c7cc-44c4-aa36-949f90e0bc28','7800bc0b-d545-4cc2-81e0-bb5f2eb0b3be','0991cb62-81bf-4f37-a008-f3fa2ce03e86','713ed26f-806b-413e-aa79-995256dac646'),('f473fd3f-c6b2-4fb2-b84f-75ee39a9c177','812906ea-c7cc-44c4-aa36-949f90e0bc28','7800bc0b-d545-4cc2-81e0-bb5f2eb0b3be','12744057-1a2a-4c20-aa6c-80c36b4c8ad4','407a370f-980d-436e-ac8c-2c12788ed739');
/*!40000 ALTER TABLE `combinations` ENABLE KEYS */;
UNLOCK TABLES;

--
-- Table structure for table `contexts`
--

DROP TABLE IF EXISTS `contexts`;
/*!40101 SET @saved_cs_client     = @@character_set_client */;
/*!40101 SET character_set_client = utf8 */;
CREATE TABLE `contexts` (
  `id` char(36) COLLATE utf8_unicode_ci NOT NULL,
  `name` varchar(255) COLLATE utf8_unicode_ci NOT NULL,
  `family` varchar(255) COLLATE utf8_unicode_ci NOT NULL,
  `created_at` timestamp NOT NULL DEFAULT '0000-00-00 00:00:00',
  `updated_at` timestamp NOT NULL DEFAULT '0000-00-00 00:00:00',
  PRIMARY KEY (`id`)
) ENGINE=InnoDB DEFAULT CHARSET=utf8 COLLATE=utf8_unicode_ci;
/*!40101 SET character_set_client = @saved_cs_client */;

--
-- Dumping data for table `contexts`
--

LOCK TABLES `contexts` WRITE;
/*!40000 ALTER TABLE `contexts` DISABLE KEYS */;
INSERT INTO `contexts` VALUES ('407a370f-980d-436e-ac8c-2c12788ed739','kidney','organ','0000-00-00 00:00:00','0000-00-00 00:00:00'),('41976857-46a1-48da-9809-13c10da19f80','PAG','phantom','0000-00-00 00:00:00','0000-00-00 00:00:00'),('713ed26f-806b-413e-aa79-995256dac646','liver','organ','0000-00-00 00:00:00','0000-00-00 00:00:00'),('71ea3017-ec2f-469d-81a9-deaa95671ce1','lung','organ','0000-00-00 00:00:00','0000-00-00 00:00:00');
/*!40000 ALTER TABLE `contexts` ENABLE KEYS */;
UNLOCK TABLES;

--
-- Table structure for table `migrations`
--

DROP TABLE IF EXISTS `migrations`;
/*!40101 SET @saved_cs_client     = @@character_set_client */;
/*!40101 SET character_set_client = utf8 */;
CREATE TABLE `migrations` (
  `migration` varchar(255) COLLATE utf8_unicode_ci NOT NULL,
  `batch` int(11) NOT NULL
) ENGINE=InnoDB DEFAULT CHARSET=utf8 COLLATE=utf8_unicode_ci;
/*!40101 SET character_set_client = @saved_cs_client */;

--
-- Dumping data for table `migrations`
--

LOCK TABLES `migrations` WRITE;
/*!40000 ALTER TABLE `migrations` DISABLE KEYS */;
INSERT INTO `migrations` VALUES ('2015_01_01_000000_create_modalities',1),('2015_01_01_000001_create_protocols',1),('2015_01_01_010000_create_numerical_models',1),('2015_01_01_020000_create_contexts',1),('2015_01_08_164229_create_parameters_table',1),('2015_01_08_165201_create_needles_table',1),('2015_01_08_165331_create_power_generators_table',1),('2015_01_09_131128_create_needle_power_generator',1),('2015_01_12_151106_create_arguments',1),('2015_01_12_152713_create_algorithms',1),('2015_01_29_075442_create_organs_table',1),('2015_01_29_134243_create_parameter_attributions_table',1),('2015_01_30_171011_create_combinations_table',1),('2015_02_02_150954_create_results',1),('2015_02_05_112458_create_simulations',1),('2015_02_12_105726_create_regions',1),('2015_02_12_133218_create_numerical_model_region',1),('2015_02_13_083454_create_combination_needle',1);
/*!40000 ALTER TABLE `migrations` ENABLE KEYS */;
UNLOCK TABLES;

--
-- Table structure for table `modalities`
--

DROP TABLE IF EXISTS `modalities`;
/*!40101 SET @saved_cs_client     = @@character_set_client */;
/*!40101 SET character_set_client = utf8 */;
CREATE TABLE `modalities` (
  `id` char(36) COLLATE utf8_unicode_ci NOT NULL,
  `name` varchar(255) COLLATE utf8_unicode_ci NOT NULL,
  PRIMARY KEY (`id`)
) ENGINE=InnoDB DEFAULT CHARSET=utf8 COLLATE=utf8_unicode_ci;
/*!40101 SET character_set_client = @saved_cs_client */;

--
-- Dumping data for table `modalities`
--

LOCK TABLES `modalities` WRITE;
/*!40000 ALTER TABLE `modalities` DISABLE KEYS */;
INSERT INTO `modalities` VALUES ('35942304-aea2-4ab6-ace8-ffeabe52cfcc','IRE'),('6c0043c4-72e8-45fa-85c7-e0f3fcd7cbd4','RFA'),('e74fb60d-6f9b-4044-a595-5f844d7a0d38','Cryoablation'),('eb57b778-83b7-4189-ab53-beb1dee27378','MWA');
/*!40000 ALTER TABLE `modalities` ENABLE KEYS */;
UNLOCK TABLES;

--
-- Table structure for table `needle_power_generator`
--

DROP TABLE IF EXISTS `needle_power_generator`;
/*!40101 SET @saved_cs_client     = @@character_set_client */;
/*!40101 SET character_set_client = utf8 */;
CREATE TABLE `needle_power_generator` (
  `id` int(10) unsigned NOT NULL AUTO_INCREMENT,
  `needle_id` char(36) COLLATE utf8_unicode_ci NOT NULL,
  `power_generator_id` char(36) COLLATE utf8_unicode_ci NOT NULL,
  PRIMARY KEY (`id`),
  KEY `needle_power_generator_needle_id_foreign` (`needle_id`),
  KEY `needle_power_generator_power_generator_id_foreign` (`power_generator_id`),
  CONSTRAINT `needle_power_generator_power_generator_id_foreign` FOREIGN KEY (`power_generator_id`) REFERENCES `power_generators` (`id`),
  CONSTRAINT `needle_power_generator_needle_id_foreign` FOREIGN KEY (`needle_id`) REFERENCES `needles` (`id`)
) ENGINE=InnoDB AUTO_INCREMENT=39 DEFAULT CHARSET=utf8 COLLATE=utf8_unicode_ci;
/*!40101 SET character_set_client = @saved_cs_client */;

--
-- Dumping data for table `needle_power_generator`
--

LOCK TABLES `needle_power_generator` WRITE;
/*!40000 ALTER TABLE `needle_power_generator` DISABLE KEYS */;
INSERT INTO `needle_power_generator` VALUES (1,'4ca59975-f479-478c-a841-8cd54c6bc45b','691ea2ab-4ef3-4adb-a7af-e7480a896913'),(2,'1bed13d7-36f2-4a11-9d9d-e82707d4efcc','691ea2ab-4ef3-4adb-a7af-e7480a896913'),(3,'1d46843c-fae8-472f-912c-eaf117697b30','691ea2ab-4ef3-4adb-a7af-e7480a896913'),(4,'17c8d7fb-751c-4761-bcaa-3576f85643c0','691ea2ab-4ef3-4adb-a7af-e7480a896913'),(5,'37cc6771-8c92-4ca8-8e24-d3059bb499df','691ea2ab-4ef3-4adb-a7af-e7480a896913'),(6,'7f45ef8b-b0df-46f6-9033-0e6a32b567b6','691ea2ab-4ef3-4adb-a7af-e7480a896913'),(7,'60c33e83-b31c-4f75-aaec-442d40f111b5','7800bc0b-d545-4cc2-81e0-bb5f2eb0b3be'),(8,'ebd02164-7acd-40f3-8edd-a4be74997adf','7800bc0b-d545-4cc2-81e0-bb5f2eb0b3be'),(9,'f9ea22db-616d-46eb-bcf3-2ffcab5e08dc','7800bc0b-d545-4cc2-81e0-bb5f2eb0b3be'),(10,'d38b145c-d064-494e-bd8a-46d47b5d3f51','7800bc0b-d545-4cc2-81e0-bb5f2eb0b3be'),(11,'bac873dd-5b34-412c-b469-661350abe3e4','224ff20e-e52a-4ace-9e7c-95537203a4ae'),(12,'5ab1022f-f9b3-4416-98e1-78332ebbd23e','224ff20e-e52a-4ace-9e7c-95537203a4ae'),(13,'1288b2a9-5122-49af-b11f-9be3e7380ec0','224ff20e-e52a-4ace-9e7c-95537203a4ae'),(14,'9b12d6cd-1bec-4e29-a21b-63f6a75725ca','224ff20e-e52a-4ace-9e7c-95537203a4ae'),(15,'1677c3c1-2271-4f09-955a-cbd71fdb8cee','224ff20e-e52a-4ace-9e7c-95537203a4ae'),(16,'c36aa197-7c61-45ab-b22a-a96d3b169c59','224ff20e-e52a-4ace-9e7c-95537203a4ae'),(17,'cf230dba-d401-4505-a6ce-5a0bd56bdac3','224ff20e-e52a-4ace-9e7c-95537203a4ae'),(18,'612cc9f6-3e30-43ca-a2e4-82c862ad0989','224ff20e-e52a-4ace-9e7c-95537203a4ae'),(19,'aa14991b-c07b-424d-bd5a-4f0e1940bef5','224ff20e-e52a-4ace-9e7c-95537203a4ae'),(20,'dc088049-9d9f-4977-b023-14fa310d50c7','224ff20e-e52a-4ace-9e7c-95537203a4ae'),(21,'c5a704e9-ed56-4cd2-a05c-a3aa39a8342a','224ff20e-e52a-4ace-9e7c-95537203a4ae'),(22,'6363e60c-a5cd-4aa2-80d4-6275adcfc457','1dfe0ab8-40a7-40d8-bc1b-47eca360a5ae'),(23,'6363e60c-a5cd-4aa2-80d4-6275adcfc457','a3fb24c8-cf0a-4a68-836d-b5e70e42d6dc'),(24,'6363e60c-a5cd-4aa2-80d4-6275adcfc457','cc576e83-a07d-4a3d-ade1-495b2cdba108'),(25,'6363e60c-a5cd-4aa2-80d4-6275adcfc457','47869a9f-6d0f-442a-af6f-dad6fbd069e6'),(26,'ead62e8d-fae7-4a11-bc4b-2a0434aa2c93','1dfe0ab8-40a7-40d8-bc1b-47eca360a5ae'),(27,'ead62e8d-fae7-4a11-bc4b-2a0434aa2c93','a3fb24c8-cf0a-4a68-836d-b5e70e42d6dc'),(28,'ead62e8d-fae7-4a11-bc4b-2a0434aa2c93','cc576e83-a07d-4a3d-ade1-495b2cdba108'),(29,'ead62e8d-fae7-4a11-bc4b-2a0434aa2c93','47869a9f-6d0f-442a-af6f-dad6fbd069e6'),(30,'6ffade88-b7aa-4739-9cf3-aacd2c25ce08','1dfe0ab8-40a7-40d8-bc1b-47eca360a5ae'),(31,'6ffade88-b7aa-4739-9cf3-aacd2c25ce08','a3fb24c8-cf0a-4a68-836d-b5e70e42d6dc'),(32,'6ffade88-b7aa-4739-9cf3-aacd2c25ce08','cc576e83-a07d-4a3d-ade1-495b2cdba108'),(33,'6ffade88-b7aa-4739-9cf3-aacd2c25ce08','47869a9f-6d0f-442a-af6f-dad6fbd069e6'),(34,'a3bbebfb-fd29-4994-8482-0030b7502e6e','1dfe0ab8-40a7-40d8-bc1b-47eca360a5ae'),(35,'a3bbebfb-fd29-4994-8482-0030b7502e6e','a3fb24c8-cf0a-4a68-836d-b5e70e42d6dc'),(36,'a3bbebfb-fd29-4994-8482-0030b7502e6e','cc576e83-a07d-4a3d-ade1-495b2cdba108'),(37,'a3bbebfb-fd29-4994-8482-0030b7502e6e','47869a9f-6d0f-442a-af6f-dad6fbd069e6'),(38,'039816b6-742a-4558-a9e8-a2e66cd87837','56e90cfb-6f26-468f-b40d-cf1a89bbbec9');
/*!40000 ALTER TABLE `needle_power_generator` ENABLE KEYS */;
UNLOCK TABLES;

--
-- Table structure for table `needles`
--

DROP TABLE IF EXISTS `needles`;
/*!40101 SET @saved_cs_client     = @@character_set_client */;
/*!40101 SET character_set_client = utf8 */;
CREATE TABLE `needles` (
  `id` char(36) COLLATE utf8_unicode_ci NOT NULL,
  `modality_id` char(36) COLLATE utf8_unicode_ci NOT NULL,
  `name` varchar(255) COLLATE utf8_unicode_ci NOT NULL,
  `manufacturer` varchar(255) COLLATE utf8_unicode_ci NOT NULL,
  `file` varchar(255) COLLATE utf8_unicode_ci NOT NULL,
  PRIMARY KEY (`id`),
  KEY `needles_modality_id_foreign` (`modality_id`),
  CONSTRAINT `needles_modality_id_foreign` FOREIGN KEY (`modality_id`) REFERENCES `modalities` (`id`)
) ENGINE=InnoDB DEFAULT CHARSET=utf8 COLLATE=utf8_unicode_ci;
/*!40101 SET character_set_client = @saved_cs_client */;

--
-- Dumping data for table `needles`
--

LOCK TABLES `needles` WRITE;
/*!40000 ALTER TABLE `needles` DISABLE KEYS */;
INSERT INTO `needles` VALUES ('039816b6-742a-4558-a9e8-a2e66cd87837','35942304-aea2-4ab6-ace8-ffeabe52cfcc','Basic','Angiodynamics',''),('1288b2a9-5122-49af-b11f-9be3e7380ec0','eb57b778-83b7-4189-ab53-beb1dee27378','APK14200T19V5S1.5','HS',''),('1677c3c1-2271-4f09-955a-cbd71fdb8cee','eb57b778-83b7-4189-ab53-beb1dee27378','APK11150T19V5','HS',''),('17c8d7fb-751c-4761-bcaa-3576f85643c0','6c0043c4-72e8-45fa-85c7-e0f3fcd7cbd4','LeVeen Standard 5cm','Boston Scientific',''),('1bed13d7-36f2-4a11-9d9d-e82707d4efcc','6c0043c4-72e8-45fa-85c7-e0f3fcd7cbd4','LeVeen Standard 3.5cm','Boston Scientific',''),('1d46843c-fae8-472f-912c-eaf117697b30','6c0043c4-72e8-45fa-85c7-e0f3fcd7cbd4','LeVeen Standard 4cm','Boston Scientific',''),('37cc6771-8c92-4ca8-8e24-d3059bb499df','6c0043c4-72e8-45fa-85c7-e0f3fcd7cbd4','LeVeen Super Slim 2cm','Boston Scientific',''),('4ca59975-f479-478c-a841-8cd54c6bc45b','6c0043c4-72e8-45fa-85c7-e0f3fcd7cbd4','LeVeen Standard 3cm','Boston Scientific',''),('5ab1022f-f9b3-4416-98e1-78332ebbd23e','eb57b778-83b7-4189-ab53-beb1dee27378','APK14150T19V5S1.5','HS',''),('60c33e83-b31c-4f75-aaec-442d40f111b5','6c0043c4-72e8-45fa-85c7-e0f3fcd7cbd4','Starburst XL','RITA',''),('612cc9f6-3e30-43ca-a2e4-82c862ad0989','eb57b778-83b7-4189-ab53-beb1dee27378','APK14270T19V5','HS',''),('6363e60c-a5cd-4aa2-80d4-6275adcfc457','e74fb60d-6f9b-4044-a595-5f844d7a0d38','IceSEED','Galil Medical',''),('6ffade88-b7aa-4739-9cf3-aacd2c25ce08','e74fb60d-6f9b-4044-a595-5f844d7a0d38','IceROD','Galil Medical',''),('7f45ef8b-b0df-46f6-9033-0e6a32b567b6','6c0043c4-72e8-45fa-85c7-e0f3fcd7cbd4','LeVeen Super Slim 3cm','Boston Scientific',''),('9b12d6cd-1bec-4e29-a21b-63f6a75725ca','eb57b778-83b7-4189-ab53-beb1dee27378','APK14270T19V5S1.5','HS',''),('a3bbebfb-fd29-4994-8482-0030b7502e6e','e74fb60d-6f9b-4044-a595-5f844d7a0d38','IceSPHERE','Galil Medical',''),('aa14991b-c07b-424d-bd5a-4f0e1940bef5','eb57b778-83b7-4189-ab53-beb1dee27378','APK16150T19V5','HS',''),('bac873dd-5b34-412c-b469-661350abe3e4','eb57b778-83b7-4189-ab53-beb1dee27378','APK11150T19V5S1.5','HS',''),('c36aa197-7c61-45ab-b22a-a96d3b169c59','eb57b778-83b7-4189-ab53-beb1dee27378','APK14150T19V5','HS',''),('c5a704e9-ed56-4cd2-a05c-a3aa39a8342a','eb57b778-83b7-4189-ab53-beb1dee27378','APK16270T19V5','HS',''),('cf230dba-d401-4505-a6ce-5a0bd56bdac3','eb57b778-83b7-4189-ab53-beb1dee27378','APK14200T19V5','HS',''),('d38b145c-d064-494e-bd8a-46d47b5d3f51','6c0043c4-72e8-45fa-85c7-e0f3fcd7cbd4','Starburst SDE','RITA',''),('dc088049-9d9f-4977-b023-14fa310d50c7','eb57b778-83b7-4189-ab53-beb1dee27378','APK16200T19V5','HS',''),('ead62e8d-fae7-4a11-bc4b-2a0434aa2c93','e74fb60d-6f9b-4044-a595-5f844d7a0d38','IceEDGE','Galil Medical',''),('ebd02164-7acd-40f3-8edd-a4be74997adf','6c0043c4-72e8-45fa-85c7-e0f3fcd7cbd4','Starburst Semi-Flex','RITA',''),('f9ea22db-616d-46eb-bcf3-2ffcab5e08dc','6c0043c4-72e8-45fa-85c7-e0f3fcd7cbd4','Starburst MRI','RITA','');
/*!40000 ALTER TABLE `needles` ENABLE KEYS */;
UNLOCK TABLES;

--
-- Table structure for table `numerical_model_region`
--

DROP TABLE IF EXISTS `numerical_model_region`;
/*!40101 SET @saved_cs_client     = @@character_set_client */;
/*!40101 SET character_set_client = utf8 */;
CREATE TABLE `numerical_model_region` (
  `id` int(10) unsigned NOT NULL AUTO_INCREMENT,
  `numerical_model_id` char(36) COLLATE utf8_unicode_ci NOT NULL,
  `region_id` char(36) COLLATE utf8_unicode_ci NOT NULL,
  `minimum` int(11) DEFAULT NULL,
  `maximum` int(11) DEFAULT NULL,
  PRIMARY KEY (`id`),
  KEY `numerical_model_region_numerical_model_id_foreign` (`numerical_model_id`),
  KEY `numerical_model_region_region_id_foreign` (`region_id`),
  CONSTRAINT `numerical_model_region_region_id_foreign` FOREIGN KEY (`region_id`) REFERENCES `regions` (`id`),
  CONSTRAINT `numerical_model_region_numerical_model_id_foreign` FOREIGN KEY (`numerical_model_id`) REFERENCES `numerical_models` (`id`)
) ENGINE=InnoDB AUTO_INCREMENT=26 DEFAULT CHARSET=utf8 COLLATE=utf8_unicode_ci;
/*!40101 SET character_set_client = @saved_cs_client */;

--
-- Dumping data for table `numerical_model_region`
--

LOCK TABLES `numerical_model_region` WRITE;
/*!40000 ALTER TABLE `numerical_model_region` DISABLE KEYS */;
INSERT INTO `numerical_model_region` VALUES (1,'812906ea-c7cc-44c4-aa36-949f90e0bc28','68b1431b-b264-4e5c-b0c3-2e5b59c3264c',1,1),(2,'812906ea-c7cc-44c4-aa36-949f90e0bc28','502b0006-c563-4594-955d-731cc3041757',NULL,NULL),(3,'812906ea-c7cc-44c4-aa36-949f90e0bc28','498ea3ed-f427-481d-8d82-296eac50902a',NULL,NULL),(4,'812906ea-c7cc-44c4-aa36-949f90e0bc28','fab45d85-0e87-40bb-aea2-b8294bb3fa3e',NULL,NULL),(5,'812906ea-c7cc-44c4-aa36-949f90e0bc28','763db803-6ad6-497b-a76c-6bab190eb15d',NULL,NULL),(6,'812906ea-c7cc-44c4-aa36-949f90e0bc28','99264216-8240-4e5b-b958-56dcb74d943a',NULL,NULL),(7,'63aa2ce6-6b9e-484f-9ee6-64499458543b','68b1431b-b264-4e5c-b0c3-2e5b59c3264c',1,1),(8,'63aa2ce6-6b9e-484f-9ee6-64499458543b','502b0006-c563-4594-955d-731cc3041757',NULL,NULL),(9,'63aa2ce6-6b9e-484f-9ee6-64499458543b','498ea3ed-f427-481d-8d82-296eac50902a',NULL,NULL),(10,'63aa2ce6-6b9e-484f-9ee6-64499458543b','fab45d85-0e87-40bb-aea2-b8294bb3fa3e',NULL,NULL),(11,'63aa2ce6-6b9e-484f-9ee6-64499458543b','763db803-6ad6-497b-a76c-6bab190eb15d',NULL,NULL),(12,'63aa2ce6-6b9e-484f-9ee6-64499458543b','99264216-8240-4e5b-b958-56dcb74d943a',NULL,NULL),(13,'4083b07b-759b-4956-a645-79a66b12653b','68b1431b-b264-4e5c-b0c3-2e5b59c3264c',1,1),(14,'4083b07b-759b-4956-a645-79a66b12653b','502b0006-c563-4594-955d-731cc3041757',NULL,NULL),(15,'4083b07b-759b-4956-a645-79a66b12653b','498ea3ed-f427-481d-8d82-296eac50902a',NULL,NULL),(16,'4083b07b-759b-4956-a645-79a66b12653b','fab45d85-0e87-40bb-aea2-b8294bb3fa3e',NULL,NULL),(17,'4083b07b-759b-4956-a645-79a66b12653b','763db803-6ad6-497b-a76c-6bab190eb15d',NULL,NULL),(18,'cb00eac6-4c34-4954-b305-a74e9c622d7d','68b1431b-b264-4e5c-b0c3-2e5b59c3264c',1,1),(19,'cb00eac6-4c34-4954-b305-a74e9c622d7d','502b0006-c563-4594-955d-731cc3041757',NULL,NULL),(20,'cb00eac6-4c34-4954-b305-a74e9c622d7d','763db803-6ad6-497b-a76c-6bab190eb15d',NULL,NULL),(21,'637d304f-b643-48b2-ad14-c4ca0bdb3d07','68b1431b-b264-4e5c-b0c3-2e5b59c3264c',1,1),(22,'637d304f-b643-48b2-ad14-c4ca0bdb3d07','502b0006-c563-4594-955d-731cc3041757',NULL,NULL),(23,'637d304f-b643-48b2-ad14-c4ca0bdb3d07','498ea3ed-f427-481d-8d82-296eac50902a',NULL,NULL),(24,'637d304f-b643-48b2-ad14-c4ca0bdb3d07','fab45d85-0e87-40bb-aea2-b8294bb3fa3e',NULL,NULL),(25,'637d304f-b643-48b2-ad14-c4ca0bdb3d07','763db803-6ad6-497b-a76c-6bab190eb15d',NULL,NULL);
/*!40000 ALTER TABLE `numerical_model_region` ENABLE KEYS */;
UNLOCK TABLES;

--
-- Table structure for table `numerical_models`
--

DROP TABLE IF EXISTS `numerical_models`;
/*!40101 SET @saved_cs_client     = @@character_set_client */;
/*!40101 SET character_set_client = utf8 */;
CREATE TABLE `numerical_models` (
  `id` char(36) COLLATE utf8_unicode_ci NOT NULL,
  `modality_id` char(36) COLLATE utf8_unicode_ci NOT NULL,
  `name` varchar(255) COLLATE utf8_unicode_ci NOT NULL,
  `family` varchar(255) COLLATE utf8_unicode_ci NOT NULL,
  `definition` text COLLATE utf8_unicode_ci NOT NULL,
  PRIMARY KEY (`id`),
  KEY `numerical_models_modality_id_foreign` (`modality_id`),
  CONSTRAINT `numerical_models_modality_id_foreign` FOREIGN KEY (`modality_id`) REFERENCES `modalities` (`id`)
) ENGINE=InnoDB DEFAULT CHARSET=utf8 COLLATE=utf8_unicode_ci;
/*!40101 SET character_set_client = @saved_cs_client */;

--
-- Dumping data for table `numerical_models`
--

LOCK TABLES `numerical_models` WRITE;
/*!40000 ALTER TABLE `numerical_models` DISABLE KEYS */;
INSERT INTO `numerical_models` VALUES ('36c8a137-1c50-46b5-9631-60352a37ad77','eb57b778-83b7-4189-ab53-beb1dee27378','NUMA MWA Linear SIF','elmer-libnuma','lorem ipsum'),('4083b07b-759b-4956-a645-79a66b12653b','e74fb60d-6f9b-4044-a595-5f844d7a0d38','NUMA Cryoablation Basic SIF','elmer-libnuma','lorem ipsum'),('637d304f-b643-48b2-ad14-c4ca0bdb3d07','35942304-aea2-4ab6-ace8-ffeabe52cfcc','NUMA IRE 3D SIF','elmer-libnuma','lorem ipsum'),('63aa2ce6-6b9e-484f-9ee6-64499458543b','eb57b778-83b7-4189-ab53-beb1dee27378','NUMA MWA Nonlinear SIF','elmer-libnuma','lorem ipsum'),('812906ea-c7cc-44c4-aa36-949f90e0bc28','6c0043c4-72e8-45fa-85c7-e0f3fcd7cbd4','NUMA RFA Basic SIF','elmer-libnuma','!====================================================================\n!	- Complete model with 3 solvers:\n!		- Heat Solver\n!		- Cells state Solver\n!		- VTU output\n!	- Transient simulation\n!	- 1 materials (Blood and tissue)\n!====================================================================\n\n!====================================================================\nHeader\n!====================================================================\n!	Computational mesh directory (also used to save the vtu files):\n!--------------------------------------------------------------------\n	Mesh DB \".\" \"$MESHLOCATION_MESHER\"   				![H1]! \n	Include Path \"\"\n	Results Directory \"\"\n!====================================================================\nEnd\n!====================================================================\n\n!====================================================================\nSimulation\n!====================================================================\n	! Test name:\n	!--------------------------------------------------------------------\n	Test Name = String \"$RUNNAME\"					![Si1]!\n	!--------------------------------------------------------------------\n	! Simulation length (number of timesteps): \n	!--------------------------------------------------------------------\n	Timestep intervals = Integer $SETTING_FINAL_TIMESTEP		![Si2]!\n	!--------------------------------------------------------------------\n	! Problem characteristics: \n	!--------------------------------------------------------------------\n	Coordinate System = String \"Cartesian 3D\"      \n	Simulation Type = String \"Transient\"\n	!--------------------------------------------------------------------\n	! Timestepping scheme:\n	!--------------------------------------------------------------------\n	Timestep Sizes = Real $SETTING_TIMESTEP_SIZE\n	!--------------------------------------------------------------------\n	! Electric sources:\n	!--------------------------------------------------------------------\n	! Sources coordinates (text files):\n	!--------------------------------------------------------------------\n	Electric Tips Filename Root = String \"$RUNNAME-probe-locations\"  	![Si5]!\n	!--------------------------------------------------------------------\n	! Variable Sources coordinates in time:\n	!--------------------------------------------------------------------\n	Multi Electric Tips Location = Logical True\n	Electric Tips Location Times Nb = Integer $PROBELOCATIONS_COUNT\n	Multi Electric Tips Location Times($PROBELOCATIONS_COUNT) = $PROBELOCATIONS\n	!--------------------------------------------------------------------\n	! Electric power over time (text file):\n	!--------------------------------------------------------------------\n	Electric Power Filename = String \"$RUNNAME-power-over-time\"  	![Si5]!\n!====================================================================\nEnd\n!====================================================================\n\n\n\n\n\n!====================================================================\nBody 1\n!====================================================================\n	Equation = Integer 1    \n	Body Force = Integer 1 \n	Initial condition = Integer 1\n	Material = Integer 1\n!====================================================================\nEnd\n!====================================================================\n\n!====================================================================\nBody 2\n!====================================================================\n        Equation = Integer 1    \n        Body Force = Integer 1 \n        Initial condition = Integer 1\n        Material = Integer 2\n!====================================================================\nEnd\n!====================================================================\n\n\n\n\n!====================================================================\nEquation 1\n!====================================================================\n	Active Solvers(3) = Integer 1 2 3\n!====================================================================\nEnd\n!====================================================================\n\n!====================================================================\nSolver 1 ! Heat solver (tissue temperatures)\n!====================================================================\n	Equation = String \"heatequation\"\n	Procedure = File \"HeatSolve\" \"HeatSolver\"\n	Variable = String \"Temperature\"\n	Variable DOFs = Integer 1\n    Use Electric Power = Logical True\n\n    Linear System Solver = \"Iterative\"\n    Linear System Iterative Method = \"BiCGStabL\"\n    !Linear System Use TrilinosKokkos = Logical True\n    !TrilinosKokkos Parameter File = String belos_ifpack.xml\n    Linear System Max Iterations = 350\n    Linear System Convergence Tolerance = 1.0e-10\n    Linear System Abort Not Converged = True\n    !Linear System Preconditioning = \"ILU0\"\n    Linear System Residual Output = 1\n    Steady State Convergence Tolerance = 1.0e-03\n    Stabilize = True\n    Nonlinear System Convergence Tolerance = 1.0e-3\n    Nonlinear System Max Iterations = 500\n    Nonlinear System Newton After Iterations = 3\n    Nonlinear System Newton After Tolerance = 1.0e-02\n    Nonlinear System Relaxation Factor = 0.25\n\n    !Constant Bulk System = Logical True\n!====================================================================\nEnd\n!====================================================================\n\n!====================================================================\nSolver 2 ! Cells state\n!====================================================================\n	Equation = String \"cellstate\"\n	Procedure = File \"libnuma-cellstate\" \"NumaCellStateSolver\"\n	Variable = String \"CellState[Alive :1 Dead:1]\"\n	Variable DOFs = Integer 2\n    Forward Rate = Real $CONSTANT_FORWARD_RATE\n    Backward Rate = Real $CONSTANT_BACKWARD_RATE\n    Exponential Rate = Real $CONSTANT_EXPONENTIAL_RATE\n	Linear System Solver = String \"iterative\"\n	Linear System Iterative Method = String \"GMRES\"\n    Linear System Max Iterations = Integer 500 \n    Linear System Convergence Tolerance = Real 1.0e-9\n    Linear System Preconditioning = String \"ILU1\"\n!====================================================================\nEnd\n!====================================================================\n\n!====================================================================\nSolver 3 ! VTU Output writer\n!====================================================================\n	Equation = String \"vtuoutput\"\n	Exec Solver = String \"After timestep\"\n	Procedure = File \"ResultOutputSolve\" \"ResultOutputSolver\"\n    Output Format = String \"vtu\"\n    Vtu Format = Logical True\n!--------------------------------------------------------------------\n!	Frequency of output (in timesteps):\n!--------------------------------------------------------------------\n	Output Frequency = Integer 1 			![So1]!\n!====================================================================\nEnd\n!====================================================================\n\n!====================================================================\nMaterial 1 ! Body\n!====================================================================\n	!--------------------------------------------------------------------\n	!Tissue perfusion coefficient (s^-1):\n	!--------------------------------------------------------------------\n	Tissue Perfusion Coefficient = Real $CONSTANT_PERFUSION_RATE\n	!--------------------------------------------------------------------\n	!Body Temperature (K):\n	!--------------------------------------------------------------------\n	Body Temperature = Real $CONSTANT_BODY_TEMPERATURE\n    $REGIONS_TISSUE\n    Heat Conductivity = Real $CONSTANT_THERMAL_CONDUCTIVITY_TISSUE\n    Heat Capacity = Real $CONSTANT_SPECIFIC_HEAT_CAPACITY_TISSUE\n    Density = Real $CONSTANT_DENSITY\n!====================================================================\nEnd\n!====================================================================\n\n!====================================================================\nMaterial 2 ! Tumour\n!====================================================================\n    $REGIONS_TUMOURS\n    Tissue Perfusion Coefficient = Real $CONSTANT_PERFUSION_RATE\n    Body Temperature = Real $CONSTANT_BODY_TEMPERATURE\n    Heat Conductivity = Real $CONSTANT_THERMAL_CONDUCTIVITY_TUMOUR\n    Heat Capacity = Real $CONSTANT_SPECIFIC_HEAT_CAPACITY_TUMOUR\n    Density = Real $CONSTANT_DENSITY\n!====================================================================\nEnd\n!====================================================================\n\n!====================================================================\nBody Force 1\n!====================================================================\n	!--------------------------------------------------------------------\n	! Heat equation:\n	!--------------------------------------------------------------------\n	! To use electric point sources spread on probe:\n	!--------------------------------------------------------------------\n	Heat Source = Variable Time\n		Real Procedure \"libnuma-initboundaryconditions_gs\" \"NumaReadElectricTips\"	\n	\n    Perfusion Rate = Real $CONSTANT_PERFUSION_RATE\n    Perfusion Heat Capacity = Real $CONSTANT_PERFUSION_HEAT_CAPACITY\n\n    Perfusion Density = Real $CONSTANT_PERFUSION_DENSITY\n    Perfusion Reference Temperature = Real $CONSTANT_PERFUSION_REFERENCE_TEMPERATURE\n	!--------------------------------------------------------------------\n	! Experimental data (RITA) for total electric power over time (kg.mm^2.s^-3):\n	!--------------------------------------------------------------------\n	Electric Power = Variable Time 					![Bf1]!\n		Real Procedure \"libnuma-initboundaryconditions_gs\" \"NumaReadElectricPower\"\n!====================================================================\nEnd\n!====================================================================\n\n!====================================================================\nInitial Condition 1\n!====================================================================\n\n	!--------------------------------------------------------------------\n	! Blood and tissue temperatures (K):\n	!--------------------------------------------------------------------\n	Temperature = Real $CONSTANT_BODY_TEMPERATURE\n	!--------------------------------------------------------------------\n	! Alive and dead cell States (no unit):\n	!--------------------------------------------------------------------\n	CellState(2) = Real $CONSTANT_INITIAL_CELLS_ALIVE $CONSTANT_INITIAL_CELLS_DEAD\n!====================================================================\nEnd\n!====================================================================\n\n!====================================================================\nBoundary Condition 1 !Organ wall + sphere\n!====================================================================\n	!--------------------------------------------------------------------\n	! Boundary index(es):\n	!--------------------------------------------------------------------\n	$REGIONS_BOUNDARY\n	!--------------------------------------------------------------------\n	! Dirichlet BC on blood and tissue temperatures (K):\n	!--------------------------------------------------------------------\n	Temperature = Real $CONSTANT_BODY_TEMPERATURE\n!====================================================================\nEnd\n!====================================================================\n\n!====================================================================\nBoundary Condition 2 ! Output vessel (Hepatic vein)\n!====================================================================\n\n	!--------------------------------------------------------------------\n	! Boundary index(es):\n	!--------------------------------------------------------------------\n	$REGIONS_VEINS\n	!--------------------------------------------------------------------\n	! Convective BC on temperature:\n	!--------------------------------------------------------------------\n	Heat Flux BC = Logical True											\n	!--------------------------------------------------------------------\n	! Convective transfer coefficient (kg.s^-3.K^-1):\n	!--------------------------------------------------------------------\n	Heat Transfer Coefficient = Real $CONSTANT_VENOUS_HEAT_TRANSFER_COEFFICIENT\n	!--------------------------------------------------------------------\n	! External temperature (K):\n	!--------------------------------------------------------------------\n	External Temperature = Real $CONSTANT_BODY_TEMPERATURE\n															\n!====================================================================\nEnd\n!====================================================================\n\n!====================================================================\nBoundary Condition 3 ! Input vessel (Portal vein + HA) \n!====================================================================\n\n	!--------------------------------------------------------------------\n	! Boundary index(es):\n	!--------------------------------------------------------------------\n	$REGIONS_ARTERIES\n	!--------------------------------------------------------------------\n	! Dirichlet BC on blood and tissue temperatures (K):\n	!--------------------------------------------------------------------\n	Temperature = Real $CONSTANT_BODY_TEMPERATURE\n!====================================================================\nEnd\n!====================================================================\n\n!====================================================================\nBoundary Condition 4\n!====================================================================\n    $REGIONS_BRONCHI\n    Flow Pressure = Real -0.00000000    \n    Heat Flux BC = Logical True    \n    Heat Transfer Coefficient = Real $CONSTANT_BRONCHI_HEAT_TRANSFER_COEFFICIENT\n    External Temperature = Real $CONSTANT_BODY_TEMPERATURE\n!====================================================================\nEnd\n!====================================================================\n'),('cb00eac6-4c34-4954-b305-a74e9c622d7d','e74fb60d-6f9b-4044-a595-5f844d7a0d38','Galil OpenFOAM','elmer-libnuma','lorem ipsum');
/*!40000 ALTER TABLE `numerical_models` ENABLE KEYS */;
UNLOCK TABLES;

--
-- Table structure for table `organs`
--

DROP TABLE IF EXISTS `organs`;
/*!40101 SET @saved_cs_client     = @@character_set_client */;
/*!40101 SET character_set_client = utf8 */;
CREATE TABLE `organs` (
  `id` char(36) COLLATE utf8_unicode_ci NOT NULL,
  `name` varchar(255) COLLATE utf8_unicode_ci NOT NULL,
  `created_at` timestamp NOT NULL DEFAULT '0000-00-00 00:00:00',
  `updated_at` timestamp NOT NULL DEFAULT '0000-00-00 00:00:00',
  PRIMARY KEY (`id`)
) ENGINE=InnoDB DEFAULT CHARSET=utf8 COLLATE=utf8_unicode_ci;
/*!40101 SET character_set_client = @saved_cs_client */;

--
-- Dumping data for table `organs`
--

LOCK TABLES `organs` WRITE;
/*!40000 ALTER TABLE `organs` DISABLE KEYS */;
/*!40000 ALTER TABLE `organs` ENABLE KEYS */;
UNLOCK TABLES;

--
-- Table structure for table `parameter_attributions`
--

DROP TABLE IF EXISTS `parameter_attributions`;
/*!40101 SET @saved_cs_client     = @@character_set_client */;
/*!40101 SET character_set_client = utf8 */;
CREATE TABLE `parameter_attributions` (
  `id` char(36) COLLATE utf8_unicode_ci NOT NULL,
  `parameter_id` char(36) COLLATE utf8_unicode_ci DEFAULT NULL,
  `needle_id` char(36) COLLATE utf8_unicode_ci DEFAULT NULL,
  `power_generator_id` char(36) COLLATE utf8_unicode_ci DEFAULT NULL,
  `numerical_model_id` char(36) COLLATE utf8_unicode_ci DEFAULT NULL,
  `context_id` char(36) COLLATE utf8_unicode_ci DEFAULT NULL,
  `algorithm_id` char(36) COLLATE utf8_unicode_ci DEFAULT NULL,
  `created_at` timestamp NOT NULL DEFAULT '0000-00-00 00:00:00',
  `updated_at` timestamp NOT NULL DEFAULT '0000-00-00 00:00:00',
  PRIMARY KEY (`id`),
  KEY `parameter_attributions_parameter_id_foreign` (`parameter_id`),
  KEY `parameter_attributions_needle_id_foreign` (`needle_id`),
  KEY `parameter_attributions_power_generator_id_foreign` (`power_generator_id`),
  KEY `parameter_attributions_numerical_model_id_foreign` (`numerical_model_id`),
  KEY `parameter_attributions_context_id_foreign` (`context_id`),
  KEY `parameter_attributions_algorithm_id_foreign` (`algorithm_id`),
  CONSTRAINT `parameter_attributions_algorithm_id_foreign` FOREIGN KEY (`algorithm_id`) REFERENCES `algorithms` (`id`),
  CONSTRAINT `parameter_attributions_context_id_foreign` FOREIGN KEY (`context_id`) REFERENCES `contexts` (`id`),
  CONSTRAINT `parameter_attributions_needle_id_foreign` FOREIGN KEY (`needle_id`) REFERENCES `needles` (`id`),
  CONSTRAINT `parameter_attributions_numerical_model_id_foreign` FOREIGN KEY (`numerical_model_id`) REFERENCES `numerical_models` (`id`),
  CONSTRAINT `parameter_attributions_parameter_id_foreign` FOREIGN KEY (`parameter_id`) REFERENCES `parameters` (`id`),
  CONSTRAINT `parameter_attributions_power_generator_id_foreign` FOREIGN KEY (`power_generator_id`) REFERENCES `power_generators` (`id`)
) ENGINE=InnoDB DEFAULT CHARSET=utf8 COLLATE=utf8_unicode_ci;
/*!40101 SET character_set_client = @saved_cs_client */;

--
-- Dumping data for table `parameter_attributions`
--

LOCK TABLES `parameter_attributions` WRITE;
/*!40000 ALTER TABLE `parameter_attributions` DISABLE KEYS */;
INSERT INTO `parameter_attributions` VALUES ('00046d98-c9d5-4fd0-aefe-3490fec3f44a','44134c08-1851-493f-ae6c-d33378a49115','9b12d6cd-1bec-4e29-a21b-63f6a75725ca',NULL,NULL,NULL,NULL,'0000-00-00 00:00:00','0000-00-00 00:00:00'),('0277f153-41e2-4178-a88e-765e2dedfbae','9f7ac031-07b2-4eac-8d17-4bd72c28b80d','c36aa197-7c61-45ab-b22a-a96d3b169c59',NULL,NULL,NULL,NULL,'0000-00-00 00:00:00','0000-00-00 00:00:00'),('027d8f5b-689a-4612-aab6-5c1bd3eeee97','efe63041-8cb0-43db-a773-c990198af925','6ffade88-b7aa-4739-9cf3-aacd2c25ce08',NULL,NULL,NULL,NULL,'0000-00-00 00:00:00','0000-00-00 00:00:00'),('0426e5c7-c486-40ab-9d14-c87c454d71b2','ad7fff46-b1ed-4d94-8650-84938a6d2f0f',NULL,NULL,'637d304f-b643-48b2-ad14-c4ca0bdb3d07',NULL,NULL,'0000-00-00 00:00:00','0000-00-00 00:00:00'),('043f8df0-314b-4ff9-8398-25e5e773f11b','bd5cfde7-6256-4fe9-b369-96d534b40873',NULL,NULL,'36c8a137-1c50-46b5-9631-60352a37ad77',NULL,NULL,'0000-00-00 00:00:00','0000-00-00 00:00:00'),('06287d78-8ef5-4311-9290-21cf5585af5c','36adc39e-6adc-4214-817f-1f561297538b','ead62e8d-fae7-4a11-bc4b-2a0434aa2c93',NULL,NULL,NULL,NULL,'0000-00-00 00:00:00','0000-00-00 00:00:00'),('06fd6a47-5dd9-4c7b-95d2-56944ad9d249','382645a5-97c2-4b47-952a-a7afa640c8d5','1288b2a9-5122-49af-b11f-9be3e7380ec0',NULL,NULL,NULL,NULL,'0000-00-00 00:00:00','0000-00-00 00:00:00'),('0760b332-021e-408f-b601-5f457b32b7e4','d55afd6d-bd55-401a-a0ce-e24bbffcf2f7','5ab1022f-f9b3-4416-98e1-78332ebbd23e',NULL,NULL,NULL,NULL,'0000-00-00 00:00:00','0000-00-00 00:00:00'),('07f45a83-345b-4209-8ea5-7da20bcab2f1','b010287c-2002-44cc-8286-b3b28567d7ae',NULL,NULL,'63aa2ce6-6b9e-484f-9ee6-64499458543b',NULL,NULL,'0000-00-00 00:00:00','0000-00-00 00:00:00'),('081f8087-4f43-4626-bede-a4544d68d540','2372f10d-6794-4d2e-a1a9-33298f84af97',NULL,NULL,NULL,NULL,'02b0ea22-b821-4ad2-b42e-698b7df129bb','0000-00-00 00:00:00','0000-00-00 00:00:00'),('08a57fcd-7769-47c3-9806-f88f4d8ea6d0','5c7c9caa-f170-4a58-a8fd-1c02a3d2cb84','c5a704e9-ed56-4cd2-a05c-a3aa39a8342a',NULL,NULL,NULL,NULL,'0000-00-00 00:00:00','0000-00-00 00:00:00'),('09e23362-c5a7-4649-96f9-cd80fd4ad450','8255371c-58c1-435d-9a5f-ff313aeff361',NULL,NULL,NULL,'71ea3017-ec2f-469d-81a9-deaa95671ce1',NULL,'0000-00-00 00:00:00','0000-00-00 00:00:00'),('0a5a5fb5-d595-48d8-8256-cc331a8e4c5d','fcaeab53-f0e8-402c-9f16-da73c0564339','1d46843c-fae8-472f-912c-eaf117697b30',NULL,NULL,NULL,NULL,'0000-00-00 00:00:00','0000-00-00 00:00:00'),('0a76c44f-a514-40cb-9a02-aa3a2719cff1','db00b7fa-189f-4a47-b2c7-c2120a35be2f','c5a704e9-ed56-4cd2-a05c-a3aa39a8342a',NULL,NULL,NULL,NULL,'0000-00-00 00:00:00','0000-00-00 00:00:00'),('0bd41351-b17a-461e-9510-582f083d79f5','17928b31-fbe1-4056-bf77-36cfa371c9be',NULL,NULL,'812906ea-c7cc-44c4-aa36-949f90e0bc28',NULL,NULL,'0000-00-00 00:00:00','0000-00-00 00:00:00'),('0d29be9b-07ea-4a66-9aa2-d8abb748001b','fc2935d1-b27a-454a-8e31-0abf52539205',NULL,NULL,'637d304f-b643-48b2-ad14-c4ca0bdb3d07',NULL,NULL,'0000-00-00 00:00:00','0000-00-00 00:00:00'),('0ed8d048-07f8-4062-aeab-7da6e0ef606d','57167bcf-e431-4344-a031-f8552022666c',NULL,NULL,'812906ea-c7cc-44c4-aa36-949f90e0bc28',NULL,NULL,'0000-00-00 00:00:00','0000-00-00 00:00:00'),('0f668c45-2784-42c6-b011-8b8b862e5dad','17922e3f-6de0-4408-b6e4-c5bf56433451',NULL,NULL,'812906ea-c7cc-44c4-aa36-949f90e0bc28',NULL,NULL,'0000-00-00 00:00:00','0000-00-00 00:00:00'),('0fd44c48-61a5-4d90-a21d-6efb6ea3c7e5','a876c8a0-952b-4c0f-80d7-a8d80a28101e',NULL,NULL,NULL,NULL,'02b0ea22-b821-4ad2-b42e-698b7df129bb','0000-00-00 00:00:00','0000-00-00 00:00:00'),('0fef18e0-4401-4b40-a515-ac408baa510f','574737c1-9d14-44e1-979b-c59cd7f78caf',NULL,NULL,NULL,'41976857-46a1-48da-9809-13c10da19f80',NULL,'0000-00-00 00:00:00','0000-00-00 00:00:00'),('10f6990f-c208-43cf-ad02-727dd2991437','55de5bac-e87e-476f-bd64-c6d0dd02dbb5',NULL,NULL,NULL,'407a370f-980d-436e-ac8c-2c12788ed739',NULL,'0000-00-00 00:00:00','0000-00-00 00:00:00'),('11a7736a-0a18-4c9a-8041-bebdc831805f','aafc97a7-b888-482a-bfb2-0dfc267f6383',NULL,NULL,'63aa2ce6-6b9e-484f-9ee6-64499458543b',NULL,NULL,'0000-00-00 00:00:00','0000-00-00 00:00:00'),('11addc5c-65d0-4522-9b11-cd32dfbb9741','97532b98-a445-46c6-accf-b2994f25b9e5',NULL,NULL,'63aa2ce6-6b9e-484f-9ee6-64499458543b',NULL,NULL,'0000-00-00 00:00:00','0000-00-00 00:00:00'),('12a18354-98c4-4536-b5ef-a696b2ac1384','56c9497a-8311-41f4-971e-3062f32d33f0',NULL,NULL,NULL,'407a370f-980d-436e-ac8c-2c12788ed739',NULL,'0000-00-00 00:00:00','0000-00-00 00:00:00'),('12ddb8ac-dd1b-41d3-b4f4-d16fdf65af91','a73cb9ce-1d87-480e-991e-f0c80a6496db',NULL,NULL,'63aa2ce6-6b9e-484f-9ee6-64499458543b',NULL,NULL,'0000-00-00 00:00:00','0000-00-00 00:00:00'),('1328306f-9eea-494a-9976-e952fd42eaa6','ae5b4e5c-f35d-4f9d-a9d3-ab56900290d8',NULL,NULL,'36c8a137-1c50-46b5-9631-60352a37ad77',NULL,NULL,'0000-00-00 00:00:00','0000-00-00 00:00:00'),('133dbf3a-934c-4db0-8420-353219ac4e3e','af58f337-2ff5-4482-a2c5-0303052464a3','ebd02164-7acd-40f3-8edd-a4be74997adf',NULL,NULL,NULL,NULL,'0000-00-00 00:00:00','0000-00-00 00:00:00'),('13530ef7-9b2a-48fb-85a9-3d4492225138','b57d7838-56d2-4f53-8130-8d8af3450c9a',NULL,NULL,NULL,'713ed26f-806b-413e-aa79-995256dac646',NULL,'0000-00-00 00:00:00','0000-00-00 00:00:00'),('138c1fcd-6fae-41ad-a7e3-b0dca71971c3','f23363d1-5252-4aaf-926f-15b97177a1a2','9b12d6cd-1bec-4e29-a21b-63f6a75725ca',NULL,NULL,NULL,NULL,'0000-00-00 00:00:00','0000-00-00 00:00:00'),('14a66ecd-099b-400d-8b3c-9fc78c73926c','a482c401-bdbf-4539-ab27-8edf264277fc',NULL,NULL,'637d304f-b643-48b2-ad14-c4ca0bdb3d07',NULL,NULL,'0000-00-00 00:00:00','0000-00-00 00:00:00'),('14e0a9af-cae3-4c5c-9081-cb802c31d9da','9d609719-6e75-431f-be1f-2de11f2ad4dd','bac873dd-5b34-412c-b469-661350abe3e4',NULL,NULL,NULL,NULL,'0000-00-00 00:00:00','0000-00-00 00:00:00'),('15474d15-c75e-45c2-903e-c299cbf1a2ec','1955d933-6ff3-4fae-9038-bb1f20b797b9','6363e60c-a5cd-4aa2-80d4-6275adcfc457',NULL,NULL,NULL,NULL,'0000-00-00 00:00:00','0000-00-00 00:00:00'),('162e6f96-6715-4327-9a2f-1087b8cef962','14bb9367-882d-4ae5-958f-5a485457fb6d','bac873dd-5b34-412c-b469-661350abe3e4',NULL,NULL,NULL,NULL,'0000-00-00 00:00:00','0000-00-00 00:00:00'),('167e1e59-f385-4bfe-814b-b3994e806a81','f8bc95e3-c303-41e5-a84f-0b40ef2a0958',NULL,NULL,'63aa2ce6-6b9e-484f-9ee6-64499458543b',NULL,NULL,'0000-00-00 00:00:00','0000-00-00 00:00:00'),('17af3a75-a3fe-4be1-8bf0-a1b9349d8e68','b54e0a19-41fd-4e73-8486-a373b7a2ae2a','c5a704e9-ed56-4cd2-a05c-a3aa39a8342a',NULL,NULL,NULL,NULL,'0000-00-00 00:00:00','0000-00-00 00:00:00'),('18c6e778-c006-43ce-b41f-517199d61d59','82589a02-2995-4b1d-880b-54859a9ff62c','dc088049-9d9f-4977-b023-14fa310d50c7',NULL,NULL,NULL,NULL,'0000-00-00 00:00:00','0000-00-00 00:00:00'),('19ac2ef5-b42a-4db2-869e-aab4ce345167','d843d1b1-8d21-4e4d-8e0b-233b98e70b06',NULL,NULL,NULL,NULL,'2eff7014-9374-4602-864f-1950e32f3aa8','0000-00-00 00:00:00','0000-00-00 00:00:00'),('1c1359fb-4068-4d59-bce8-6e641ed9b3c3','d20dacdf-52bc-4f89-b872-3efe58fd04ad','c36aa197-7c61-45ab-b22a-a96d3b169c59',NULL,NULL,NULL,NULL,'0000-00-00 00:00:00','0000-00-00 00:00:00'),('1cf8e762-5059-4959-a3c6-571ecbe486bb','de366d76-11db-4d36-9314-430887c3bc81','6ffade88-b7aa-4739-9cf3-aacd2c25ce08',NULL,NULL,NULL,NULL,'0000-00-00 00:00:00','0000-00-00 00:00:00'),('1cfdcff4-3b89-44cd-b1c3-8ca1ea7e8093','acfa1363-d717-4107-98e8-20dd535652bd','5ab1022f-f9b3-4416-98e1-78332ebbd23e',NULL,NULL,NULL,NULL,'0000-00-00 00:00:00','0000-00-00 00:00:00'),('1e9cbb09-22c2-46fc-bed5-277596dfab32','44eb17d5-7b06-4108-8288-03ec2cc70bcd',NULL,NULL,'cb00eac6-4c34-4954-b305-a74e9c622d7d',NULL,NULL,'0000-00-00 00:00:00','0000-00-00 00:00:00'),('1f8e2093-ea03-46a7-9c2e-d4154273bf2c','ea73685f-d9ac-4166-9702-fcec60c2578d',NULL,NULL,'812906ea-c7cc-44c4-aa36-949f90e0bc28',NULL,NULL,'0000-00-00 00:00:00','0000-00-00 00:00:00'),('20ac1f12-6986-4d7e-a8c1-35b9fcdcfd6a','e985bcd3-0fb7-41e6-b519-f6b92bee6164',NULL,NULL,'63aa2ce6-6b9e-484f-9ee6-64499458543b',NULL,NULL,'0000-00-00 00:00:00','0000-00-00 00:00:00'),('217d6b71-0876-4c1e-95de-08a5af9338af','e5693e10-f9fe-4e15-926a-0e1f82e3388f','5ab1022f-f9b3-4416-98e1-78332ebbd23e',NULL,NULL,NULL,NULL,'0000-00-00 00:00:00','0000-00-00 00:00:00'),('232f64c5-2ee9-48df-baa8-2964618ee8a9','e6ca4275-f04a-4a8b-82f7-b61e4f7317b6','c5a704e9-ed56-4cd2-a05c-a3aa39a8342a',NULL,NULL,NULL,NULL,'0000-00-00 00:00:00','0000-00-00 00:00:00'),('2357adbc-aae4-4c58-80ec-905417c85768','45ee9ec6-222e-4cd5-8b06-eef4d33ba28e',NULL,NULL,'63aa2ce6-6b9e-484f-9ee6-64499458543b',NULL,NULL,'0000-00-00 00:00:00','0000-00-00 00:00:00'),('23b57fa1-2856-40b8-8f1d-13e3aa856e40','a70c527c-8988-4632-8a91-51156c87e825','6ffade88-b7aa-4739-9cf3-aacd2c25ce08',NULL,NULL,NULL,NULL,'0000-00-00 00:00:00','0000-00-00 00:00:00'),('2408f261-0104-4a39-9fb2-1e39036ac759','c87d876e-9454-47f2-982f-08c96b752399',NULL,NULL,'63aa2ce6-6b9e-484f-9ee6-64499458543b',NULL,NULL,'0000-00-00 00:00:00','0000-00-00 00:00:00'),('2444739f-fb3e-445c-b28b-f59e74dea098','c5464bd8-058f-40d0-9d50-61492713ffca','aa14991b-c07b-424d-bd5a-4f0e1940bef5',NULL,NULL,NULL,NULL,'0000-00-00 00:00:00','0000-00-00 00:00:00'),('24941611-eb02-496f-8d0f-a7ad82ae43a1','00b9be03-c726-4f94-85f7-161024fc8805','dc088049-9d9f-4977-b023-14fa310d50c7',NULL,NULL,NULL,NULL,'0000-00-00 00:00:00','0000-00-00 00:00:00'),('25409947-01ba-4513-b807-bd97f1dd0e32','3af39579-91bd-48c2-8c9e-11c1911b9365',NULL,NULL,'36c8a137-1c50-46b5-9631-60352a37ad77',NULL,NULL,'0000-00-00 00:00:00','0000-00-00 00:00:00'),('257de6c7-400c-4c5a-ab3e-4d80d42aaf34','94c077bf-5119-4093-ba9b-4b6ccaff956d','bac873dd-5b34-412c-b469-661350abe3e4',NULL,NULL,NULL,NULL,'0000-00-00 00:00:00','0000-00-00 00:00:00'),('272133fd-8e4b-4112-9f4f-82542c212630','4e65b24a-4e90-4e3c-b0c6-d1c985246566',NULL,NULL,NULL,'407a370f-980d-436e-ac8c-2c12788ed739',NULL,'0000-00-00 00:00:00','0000-00-00 00:00:00'),('27f2610c-a0fb-41df-8123-893c17bf50c2','608a0167-f5a2-42d6-a6f1-0447373e0756',NULL,NULL,'812906ea-c7cc-44c4-aa36-949f90e0bc28',NULL,NULL,'0000-00-00 00:00:00','0000-00-00 00:00:00'),('296d83b1-5f6f-4f08-95ff-3e36bb4ba9b3','f0784e8e-7e4c-44c0-81a3-063c541b20c4',NULL,NULL,NULL,'71ea3017-ec2f-469d-81a9-deaa95671ce1',NULL,'0000-00-00 00:00:00','0000-00-00 00:00:00'),('29d65693-9d8a-4af5-ba37-cd1d11242e57','22ddb50d-0559-4a5f-a04e-f271d49582cb',NULL,NULL,'637d304f-b643-48b2-ad14-c4ca0bdb3d07',NULL,NULL,'0000-00-00 00:00:00','0000-00-00 00:00:00'),('2af96fc2-d715-4b1a-86a0-f0f870293375','41fa812c-696c-4e04-be45-d0376eecdd91',NULL,NULL,'36c8a137-1c50-46b5-9631-60352a37ad77',NULL,NULL,'0000-00-00 00:00:00','0000-00-00 00:00:00'),('2baa6ebb-1c21-4e22-a4af-154d1ed0e7d8','c04089c2-e548-474f-aea9-2f24368ff99e','c36aa197-7c61-45ab-b22a-a96d3b169c59',NULL,NULL,NULL,NULL,'0000-00-00 00:00:00','0000-00-00 00:00:00'),('2c4747d8-c22b-4e58-b352-61d900c87913','67001b61-3b5b-44cc-ab20-01a11f285c31',NULL,NULL,NULL,'713ed26f-806b-413e-aa79-995256dac646',NULL,'0000-00-00 00:00:00','0000-00-00 00:00:00'),('2d9dd509-83e4-4908-8912-5f16d64db128','d2e777f6-d936-4a75-8180-f1da828f843e',NULL,NULL,'637d304f-b643-48b2-ad14-c4ca0bdb3d07',NULL,NULL,'0000-00-00 00:00:00','0000-00-00 00:00:00'),('2e6efa39-5a84-46bb-90fd-321d4b37497a','f900ad82-6def-4569-9c8b-fefe78e8973f',NULL,NULL,'36c8a137-1c50-46b5-9631-60352a37ad77',NULL,NULL,'0000-00-00 00:00:00','0000-00-00 00:00:00'),('2feb2103-279b-4793-b996-f6195e34f548','922975cb-7023-45c3-aca6-ca30c7b24f54',NULL,'7800bc0b-d545-4cc2-81e0-bb5f2eb0b3be',NULL,NULL,NULL,'0000-00-00 00:00:00','0000-00-00 00:00:00'),('30347f96-f185-45e5-a929-3b9f2c6e54a6','d8bd9a0d-a5a3-49d3-8856-c558feb8fac9','c36aa197-7c61-45ab-b22a-a96d3b169c59',NULL,NULL,NULL,NULL,'0000-00-00 00:00:00','0000-00-00 00:00:00'),('312e9a1b-ce15-4829-bb5c-8b48b16594aa','a8697e30-d1f0-4c27-8c60-2c4c6b1b7184','dc088049-9d9f-4977-b023-14fa310d50c7',NULL,NULL,NULL,NULL,'0000-00-00 00:00:00','0000-00-00 00:00:00'),('32c59345-c946-49aa-ac03-3b3febbd195d','cbdccea9-88a3-4150-8ac5-dfd334eee8c6',NULL,NULL,'63aa2ce6-6b9e-484f-9ee6-64499458543b',NULL,NULL,'0000-00-00 00:00:00','0000-00-00 00:00:00'),('3338677e-90b9-4c0b-aa49-37488c4eb03d','5cb4de08-a71b-4339-809a-8f4375a9baf8',NULL,NULL,NULL,'713ed26f-806b-413e-aa79-995256dac646',NULL,'0000-00-00 00:00:00','0000-00-00 00:00:00'),('33a04b07-0851-42a6-9947-4e055b01b385','5572cc14-84f5-48e2-9c82-ccb21256f954',NULL,NULL,'812906ea-c7cc-44c4-aa36-949f90e0bc28',NULL,NULL,'0000-00-00 00:00:00','0000-00-00 00:00:00'),('34cc9a0e-44ed-4ffa-a4fc-807bba57588f','f042dec8-b7ca-4911-b3ee-88d5011cd88e','bac873dd-5b34-412c-b469-661350abe3e4',NULL,NULL,NULL,NULL,'0000-00-00 00:00:00','0000-00-00 00:00:00'),('34dbe235-fb22-4cc5-9de6-e61859f04c0b','f942ddc4-f97b-46ca-8080-e48fb9c56243','dc088049-9d9f-4977-b023-14fa310d50c7',NULL,NULL,NULL,NULL,'0000-00-00 00:00:00','0000-00-00 00:00:00'),('350e5e1c-c88e-4a27-a19b-d1030a09a214','1be4e5e5-4ad7-4fb3-b60a-46fe2b447dee','aa14991b-c07b-424d-bd5a-4f0e1940bef5',NULL,NULL,NULL,NULL,'0000-00-00 00:00:00','0000-00-00 00:00:00'),('357f3ddb-9a8a-4fd1-92c9-9125d7c10659','40f941fc-c8de-4bfd-ac84-38c895fa2e8c','cf230dba-d401-4505-a6ce-5a0bd56bdac3',NULL,NULL,NULL,NULL,'0000-00-00 00:00:00','0000-00-00 00:00:00'),('35c0849b-b893-468b-a794-f16f81e35135','7f736839-86cb-4a50-b0df-ff983c0a4741','c36aa197-7c61-45ab-b22a-a96d3b169c59',NULL,NULL,NULL,NULL,'0000-00-00 00:00:00','0000-00-00 00:00:00'),('36760277-c5b9-4b0b-9ed4-d3b0e0a2e785','73613fdc-857e-43ba-aefe-89d7ce82fa84',NULL,NULL,'812906ea-c7cc-44c4-aa36-949f90e0bc28',NULL,NULL,'0000-00-00 00:00:00','0000-00-00 00:00:00'),('38829c10-18e7-4eca-8220-e31a08a1dd72','c1f4895c-6270-4574-803d-8435640a8f13','aa14991b-c07b-424d-bd5a-4f0e1940bef5',NULL,NULL,NULL,NULL,'0000-00-00 00:00:00','0000-00-00 00:00:00'),('39147648-ca7a-424c-975d-98eed7c58e7a','8c1e61c5-25bb-4239-94df-ab3a380bf5aa',NULL,NULL,NULL,'713ed26f-806b-413e-aa79-995256dac646',NULL,'0000-00-00 00:00:00','0000-00-00 00:00:00'),('39703e54-2de9-4310-9eb2-ac4f2649fb6d','75f7427b-fd6d-407f-ba94-9c68c9ae3d16',NULL,NULL,'812906ea-c7cc-44c4-aa36-949f90e0bc28',NULL,NULL,'0000-00-00 00:00:00','0000-00-00 00:00:00'),('3a700d15-7672-4c28-a383-b65727e8f2fb','09dd2a55-b894-4e8b-b3ca-31d96c6d5062',NULL,NULL,'812906ea-c7cc-44c4-aa36-949f90e0bc28',NULL,NULL,'0000-00-00 00:00:00','0000-00-00 00:00:00'),('3b6c32d5-dcc3-4840-b71b-582ba2cd63bf','01e78960-a4a7-4204-8b92-811d55ecec64',NULL,NULL,'36c8a137-1c50-46b5-9631-60352a37ad77',NULL,NULL,'0000-00-00 00:00:00','0000-00-00 00:00:00'),('3bfced13-0496-441f-a983-b5ec6aefdc94','700fec40-01ee-455c-afe2-50cff44c78ff','1288b2a9-5122-49af-b11f-9be3e7380ec0',NULL,NULL,NULL,NULL,'0000-00-00 00:00:00','0000-00-00 00:00:00'),('3ce131ab-3872-4621-82b1-d49f37ff903b','228ff6e1-4a8c-401b-89a0-67c6d9a90d9f',NULL,NULL,NULL,'407a370f-980d-436e-ac8c-2c12788ed739',NULL,'0000-00-00 00:00:00','0000-00-00 00:00:00'),('3e7e2d59-3249-4c08-9a80-77b75958d216','267d0903-2041-4750-a342-5b85a127fb8e','4ca59975-f479-478c-a841-8cd54c6bc45b',NULL,NULL,NULL,NULL,'0000-00-00 00:00:00','0000-00-00 00:00:00'),('3f330bd6-78ed-4219-9a71-281fc54a80ba','4746ccb5-b22f-44f1-b56b-4fde6b2a1e16',NULL,NULL,'637d304f-b643-48b2-ad14-c4ca0bdb3d07',NULL,NULL,'0000-00-00 00:00:00','0000-00-00 00:00:00'),('403e0c88-c619-47fe-aa24-2f586544e5bd','c7cc9994-3957-42b1-94c2-49eb72305a35','5ab1022f-f9b3-4416-98e1-78332ebbd23e',NULL,NULL,NULL,NULL,'0000-00-00 00:00:00','0000-00-00 00:00:00'),('40a28ada-3b59-4791-993d-309e85791ccd','22d69533-7adc-4070-a583-17a49ffbd79c',NULL,'691ea2ab-4ef3-4adb-a7af-e7480a896913',NULL,NULL,NULL,'0000-00-00 00:00:00','0000-00-00 00:00:00'),('41aa1d39-5524-4258-bbf2-c5dc6b0c8d03','89bdbd0d-e5a0-4e08-8326-37fb80c8976d',NULL,NULL,NULL,'713ed26f-806b-413e-aa79-995256dac646',NULL,'0000-00-00 00:00:00','0000-00-00 00:00:00'),('4495b639-f426-4917-8445-ffbe4b3000d8','0af8c1ef-1b4d-419b-bb70-6e87262c10a2','c36aa197-7c61-45ab-b22a-a96d3b169c59',NULL,NULL,NULL,NULL,'0000-00-00 00:00:00','0000-00-00 00:00:00'),('44ce853d-65b1-4eec-a7da-6ab289972975','1c07a692-7d46-4150-9776-651b9e2bbea6','ead62e8d-fae7-4a11-bc4b-2a0434aa2c93',NULL,NULL,NULL,NULL,'0000-00-00 00:00:00','0000-00-00 00:00:00'),('451767b6-d265-4b5f-9290-95b94faac86f','be1aab96-7bee-4a49-bd61-456bf6e8a8b3',NULL,NULL,'637d304f-b643-48b2-ad14-c4ca0bdb3d07',NULL,NULL,'0000-00-00 00:00:00','0000-00-00 00:00:00'),('45b188ec-f9be-46cd-a032-dda9598f4a56','d74e4cf0-b374-40fc-bd91-9919e96707ab','17c8d7fb-751c-4761-bcaa-3576f85643c0',NULL,NULL,NULL,NULL,'0000-00-00 00:00:00','0000-00-00 00:00:00'),('460f0602-0852-494d-9c6e-b9a3ca51ff12','8ebd94d3-84c6-4dab-9184-b43c3d07d17f','ead62e8d-fae7-4a11-bc4b-2a0434aa2c93',NULL,NULL,NULL,NULL,'0000-00-00 00:00:00','0000-00-00 00:00:00'),('460fed0d-29da-448f-8168-f8006b6d9be1','c993f476-4ba4-40fd-8a91-83d5b219a55f',NULL,NULL,NULL,'71ea3017-ec2f-469d-81a9-deaa95671ce1',NULL,'0000-00-00 00:00:00','0000-00-00 00:00:00'),('46600de5-54d1-4499-8ded-439c66a3233c','b177c16c-2f72-412f-9bc8-3e44d4852ab0',NULL,NULL,'36c8a137-1c50-46b5-9631-60352a37ad77',NULL,NULL,'0000-00-00 00:00:00','0000-00-00 00:00:00'),('4746d10e-355a-4862-839e-11c3abce60d2','05b81ce0-0281-4c56-9094-b6079d8be1ef',NULL,NULL,'637d304f-b643-48b2-ad14-c4ca0bdb3d07',NULL,NULL,'0000-00-00 00:00:00','0000-00-00 00:00:00'),('474c9610-8a08-44d9-b87d-9c142e3ea195','dc044207-a0ac-4013-9133-052c17b4793b','cf230dba-d401-4505-a6ce-5a0bd56bdac3',NULL,NULL,NULL,NULL,'0000-00-00 00:00:00','0000-00-00 00:00:00'),('49ce0850-262b-4537-9b0e-847a9b7d8042','6b253dcf-0700-47a5-8647-a0501775ca45',NULL,'224ff20e-e52a-4ace-9e7c-95537203a4ae',NULL,NULL,NULL,'0000-00-00 00:00:00','0000-00-00 00:00:00'),('49e1b3a1-8a6e-4204-81a8-fe5696d15a7b','8c2d98d6-7bec-4887-ae28-07afc03f5fa0',NULL,NULL,'637d304f-b643-48b2-ad14-c4ca0bdb3d07',NULL,NULL,'0000-00-00 00:00:00','0000-00-00 00:00:00'),('4a8d6267-5abf-4100-bab1-26f8e9d287cd','17ae2a0a-aa6a-4988-a67b-eba5bd6322f3','1288b2a9-5122-49af-b11f-9be3e7380ec0',NULL,NULL,NULL,NULL,'0000-00-00 00:00:00','0000-00-00 00:00:00'),('4dd2623f-5edb-433f-bf08-eaaf1286edce','953b5585-6140-44da-b3ce-c24044f3b2a1','a3bbebfb-fd29-4994-8482-0030b7502e6e',NULL,NULL,NULL,NULL,'0000-00-00 00:00:00','0000-00-00 00:00:00'),('50242b87-2a51-4e8a-a28b-d4b05c73a7fd','24c1b4f0-035d-4050-9d1d-9a3c7c4cb875',NULL,NULL,NULL,'407a370f-980d-436e-ac8c-2c12788ed739',NULL,'0000-00-00 00:00:00','0000-00-00 00:00:00'),('5069456a-e3bf-4905-84f5-4385a583028a','12dc8dc1-0b87-49f4-afbf-2497dfb8578c','aa14991b-c07b-424d-bd5a-4f0e1940bef5',NULL,NULL,NULL,NULL,'0000-00-00 00:00:00','0000-00-00 00:00:00'),('5110408d-ac1a-4bf7-8121-9c1bd3b49330','7239a35c-a9cd-44dc-b91a-cf7298fe0c02','612cc9f6-3e30-43ca-a2e4-82c862ad0989',NULL,NULL,NULL,NULL,'0000-00-00 00:00:00','0000-00-00 00:00:00'),('5111cd0e-7ae8-4406-8479-4f3c170fedbe','c687f69d-eb4a-4f13-b3fa-97ab461e6954','ead62e8d-fae7-4a11-bc4b-2a0434aa2c93',NULL,NULL,NULL,NULL,'0000-00-00 00:00:00','0000-00-00 00:00:00'),('52140d00-ebf8-4c1b-9ff0-206796f8109b','0b1de818-3459-4cd5-9c6f-fd076ff2539f',NULL,NULL,'812906ea-c7cc-44c4-aa36-949f90e0bc28',NULL,NULL,'0000-00-00 00:00:00','0000-00-00 00:00:00'),('530ba034-8bf8-476a-b4b4-d7aee9f1fb45','20712647-8c6c-4262-9903-43cb66b249b6',NULL,NULL,NULL,'713ed26f-806b-413e-aa79-995256dac646',NULL,'0000-00-00 00:00:00','0000-00-00 00:00:00'),('5437926b-8397-4163-b4c1-2b44ac0524a1','5600f826-e2c5-4100-b0fa-6df7c291cbc6',NULL,NULL,'36c8a137-1c50-46b5-9631-60352a37ad77',NULL,NULL,'0000-00-00 00:00:00','0000-00-00 00:00:00'),('543af427-abf3-40ab-99f8-b2701de8f06f','68a4ae9e-5e54-450d-bb3a-d72ef9ca792d',NULL,NULL,'637d304f-b643-48b2-ad14-c4ca0bdb3d07',NULL,NULL,'0000-00-00 00:00:00','0000-00-00 00:00:00'),('54c89c5f-0434-4c9e-b4c7-72aab6655deb','718fb1bb-d3b7-41dd-9ba8-8541e4be4af1','c5a704e9-ed56-4cd2-a05c-a3aa39a8342a',NULL,NULL,NULL,NULL,'0000-00-00 00:00:00','0000-00-00 00:00:00'),('550d7951-78da-482e-864e-0bd939fdfae9','5348be40-8e61-4a56-8812-e66ef78814b3',NULL,NULL,'4083b07b-759b-4956-a645-79a66b12653b',NULL,NULL,'0000-00-00 00:00:00','0000-00-00 00:00:00'),('57c6e772-9d3c-450a-834f-b0bce38083bd','2f3ba9c3-bd3f-4722-a53b-7d05dcc39cbc','9b12d6cd-1bec-4e29-a21b-63f6a75725ca',NULL,NULL,NULL,NULL,'0000-00-00 00:00:00','0000-00-00 00:00:00'),('59e4b33a-f76b-4ef0-bb8e-e6025f5f320f','9153fa7b-0997-43b7-ac55-e5dffb729730',NULL,NULL,'63aa2ce6-6b9e-484f-9ee6-64499458543b',NULL,NULL,'0000-00-00 00:00:00','0000-00-00 00:00:00'),('5aef53f1-0f5b-43c1-a4dd-a17f1208c6d7','fb9eb217-474e-4cb6-84c3-a48053d8a57c',NULL,NULL,'63aa2ce6-6b9e-484f-9ee6-64499458543b',NULL,NULL,'0000-00-00 00:00:00','0000-00-00 00:00:00'),('5b9d5e05-392f-482e-b434-db61d0f2fb8c','c0702f53-90cb-4918-9c8c-2a1a0eb32f4c','1288b2a9-5122-49af-b11f-9be3e7380ec0',NULL,NULL,NULL,NULL,'0000-00-00 00:00:00','0000-00-00 00:00:00'),('5d40f428-fb30-4902-9ece-29614ebc3c0c','436d8165-b6a8-4d40-b7a9-e0bcf70175ce','5ab1022f-f9b3-4416-98e1-78332ebbd23e',NULL,NULL,NULL,NULL,'0000-00-00 00:00:00','0000-00-00 00:00:00'),('5d5fd395-3819-432f-a7e3-16356cafb417','29fe58d8-f9bb-4dc9-ab3d-44e1584f66e4','a3bbebfb-fd29-4994-8482-0030b7502e6e',NULL,NULL,NULL,NULL,'0000-00-00 00:00:00','0000-00-00 00:00:00'),('5d6d3b48-5b2c-49c6-b41f-31847bee49c4','69a070f6-981f-4d1a-9a77-34e9147abb29',NULL,NULL,NULL,'713ed26f-806b-413e-aa79-995256dac646',NULL,'0000-00-00 00:00:00','0000-00-00 00:00:00'),('5e95c883-62ca-4b75-ad39-1a97334bb8c6','4d0f179e-3031-45b4-b692-8f3b01b6a235',NULL,NULL,NULL,'713ed26f-806b-413e-aa79-995256dac646',NULL,'0000-00-00 00:00:00','0000-00-00 00:00:00'),('5f1b77b6-5a30-480c-a5f4-2c180e06aafe','c4f9e312-433b-43fe-8a84-a7a991883a23','aa14991b-c07b-424d-bd5a-4f0e1940bef5',NULL,NULL,NULL,NULL,'0000-00-00 00:00:00','0000-00-00 00:00:00'),('60563aed-6221-4f30-b802-70d538782fec','1c51020c-19ff-43a2-8b47-f1262921e3f4',NULL,NULL,'812906ea-c7cc-44c4-aa36-949f90e0bc28',NULL,NULL,'0000-00-00 00:00:00','0000-00-00 00:00:00'),('60567170-1910-41fd-970f-b9b5504ba5b2','2348a63d-f132-4ffe-b498-73b3284a4caa',NULL,NULL,'36c8a137-1c50-46b5-9631-60352a37ad77',NULL,NULL,'0000-00-00 00:00:00','0000-00-00 00:00:00'),('60ba2294-0802-41e9-ac9f-6855a43fbf30','32760baa-6c2a-4d36-9671-fa3b665848a9','1677c3c1-2271-4f09-955a-cbd71fdb8cee',NULL,NULL,NULL,NULL,'0000-00-00 00:00:00','0000-00-00 00:00:00'),('60cb7194-a338-4bbc-898a-1b23330b8537','50b74899-e197-472c-8462-96ffa749027f',NULL,NULL,NULL,'713ed26f-806b-413e-aa79-995256dac646',NULL,'0000-00-00 00:00:00','0000-00-00 00:00:00'),('6380b88b-c7e2-4ba0-ae9f-a8d335cf2cbb','6a813028-1d59-40db-8702-1f4de68d86f5',NULL,'691ea2ab-4ef3-4adb-a7af-e7480a896913',NULL,NULL,NULL,'0000-00-00 00:00:00','0000-00-00 00:00:00'),('63a87082-872d-4752-abe1-e7b4caee4663','ba2afac7-14ba-47cd-8a43-b05588d2737c',NULL,NULL,'812906ea-c7cc-44c4-aa36-949f90e0bc28',NULL,NULL,'0000-00-00 00:00:00','0000-00-00 00:00:00'),('63c00511-99fa-4a98-ab59-0ae03fbad4fc','b9520e1d-3591-4e77-ac9b-79d237d178cf',NULL,NULL,'637d304f-b643-48b2-ad14-c4ca0bdb3d07',NULL,NULL,'0000-00-00 00:00:00','0000-00-00 00:00:00'),('63d73d21-cb4e-48e4-8d57-d6f048a08a02','3dfa4c61-5856-4d29-a80f-2f531c8c3002','c36aa197-7c61-45ab-b22a-a96d3b169c59',NULL,NULL,NULL,NULL,'0000-00-00 00:00:00','0000-00-00 00:00:00'),('651b077d-3bf1-4559-8985-f305c2c8aca8','de604103-0cab-476c-9d3f-61f671b2ead9',NULL,NULL,NULL,'713ed26f-806b-413e-aa79-995256dac646',NULL,'0000-00-00 00:00:00','0000-00-00 00:00:00'),('6548e474-e99f-4bef-af79-86c186044eba','2dc2f19c-9576-428c-85b2-18cc0c3a5e3a','612cc9f6-3e30-43ca-a2e4-82c862ad0989',NULL,NULL,NULL,NULL,'0000-00-00 00:00:00','0000-00-00 00:00:00'),('659b5bc9-626a-41e5-9b9c-6a82956e066e','8f7b1b2f-88c8-4b92-aa2b-0c61c0de674e','6363e60c-a5cd-4aa2-80d4-6275adcfc457',NULL,NULL,NULL,NULL,'0000-00-00 00:00:00','0000-00-00 00:00:00'),('65c9a18e-5a40-46fd-a552-6ed3bd5ee098','4574a85e-a3fd-4896-9487-c54b92dc9d6f','cf230dba-d401-4505-a6ce-5a0bd56bdac3',NULL,NULL,NULL,NULL,'0000-00-00 00:00:00','0000-00-00 00:00:00'),('6665bd9c-36fb-4a6c-b146-66f2e9e90d52','41e697f6-835b-4cbc-96a8-f48ca87767dd','9b12d6cd-1bec-4e29-a21b-63f6a75725ca',NULL,NULL,NULL,NULL,'0000-00-00 00:00:00','0000-00-00 00:00:00'),('66c5653d-e2fc-4682-8d8f-a6cb9d23aea2','c7075c17-9bd1-4361-bafe-1627d5a9a286',NULL,NULL,NULL,'71ea3017-ec2f-469d-81a9-deaa95671ce1',NULL,'0000-00-00 00:00:00','0000-00-00 00:00:00'),('679e033b-a761-47ec-8647-b1b77ca06c67','b5b22406-544d-4203-9e32-07162c2b98f0',NULL,NULL,NULL,'407a370f-980d-436e-ac8c-2c12788ed739',NULL,'0000-00-00 00:00:00','0000-00-00 00:00:00'),('67f83137-c9e8-428c-b660-a5cca97e9991','6bb6168e-0986-4085-98a0-48d52a89a9db','bac873dd-5b34-412c-b469-661350abe3e4',NULL,NULL,NULL,NULL,'0000-00-00 00:00:00','0000-00-00 00:00:00'),('685d57a9-9b50-4905-990b-17cd5ed755c3','b0f85a4d-3b59-4424-96d5-988615917f6d',NULL,NULL,NULL,'713ed26f-806b-413e-aa79-995256dac646',NULL,'0000-00-00 00:00:00','0000-00-00 00:00:00'),('6930cd10-0628-44ea-a23a-e95913cc53aa','06411a7a-df80-436b-b504-27456ec89647',NULL,NULL,'812906ea-c7cc-44c4-aa36-949f90e0bc28',NULL,NULL,'0000-00-00 00:00:00','0000-00-00 00:00:00'),('693ea4e3-fb23-493a-96bc-49305b254ece','466c3cdf-739e-49e4-beb4-cffbcfcf4685',NULL,NULL,NULL,'71ea3017-ec2f-469d-81a9-deaa95671ce1',NULL,'0000-00-00 00:00:00','0000-00-00 00:00:00'),('699b4290-9e23-4193-84b5-cc0c3654d921','aeeea066-8ff4-49cf-b96b-0a31631c07e5','039816b6-742a-4558-a9e8-a2e66cd87837',NULL,NULL,NULL,NULL,'0000-00-00 00:00:00','0000-00-00 00:00:00'),('6ab1f32d-47c4-4e33-abe4-eefbba45ef61','0368c849-3a32-45a4-92cf-4afdf25072ea',NULL,NULL,NULL,NULL,'c149db00-827b-48fc-8b2a-2d970aebc967','0000-00-00 00:00:00','0000-00-00 00:00:00'),('6bb36bdf-fa53-4547-8258-de830d3015c6','3cb83e7a-0d31-4201-a493-882ad0a585e3',NULL,NULL,'637d304f-b643-48b2-ad14-c4ca0bdb3d07',NULL,NULL,'0000-00-00 00:00:00','0000-00-00 00:00:00'),('6ceadd08-de13-4297-a083-8ad9ec9c768d','8dcaa015-725c-415a-a97d-3c9eb8fe9fd3',NULL,NULL,'812906ea-c7cc-44c4-aa36-949f90e0bc28',NULL,NULL,'0000-00-00 00:00:00','0000-00-00 00:00:00'),('6cfb4b13-6d9f-436b-b2ec-cc93d7e6dd09','c5139d84-2c52-4c8a-8593-0fa657504666',NULL,NULL,'637d304f-b643-48b2-ad14-c4ca0bdb3d07',NULL,NULL,'0000-00-00 00:00:00','0000-00-00 00:00:00'),('6d2e5cee-f642-4372-b3b1-38b6c757d970','a0a24785-f063-4fee-959d-3fbc4c1f73eb',NULL,NULL,NULL,'71ea3017-ec2f-469d-81a9-deaa95671ce1',NULL,'0000-00-00 00:00:00','0000-00-00 00:00:00'),('6da32f92-a160-46b1-babf-113bd0d9cf32','9750617a-497e-4498-a420-5093a64744a2',NULL,NULL,NULL,'71ea3017-ec2f-469d-81a9-deaa95671ce1',NULL,'0000-00-00 00:00:00','0000-00-00 00:00:00'),('6fcc5378-c4e9-43fa-b3e7-8e5f6b54be2c','8b952460-9e99-490b-af51-8b5b82517d0a','9b12d6cd-1bec-4e29-a21b-63f6a75725ca',NULL,NULL,NULL,NULL,'0000-00-00 00:00:00','0000-00-00 00:00:00'),('70c33753-61a3-42dd-ab31-6fe6118e931e','f6520f16-8e13-4a68-b174-b95e27b7e055','a3bbebfb-fd29-4994-8482-0030b7502e6e',NULL,NULL,NULL,NULL,'0000-00-00 00:00:00','0000-00-00 00:00:00'),('70fe84fc-e1c2-4b33-9896-ae9cabb5f312','6291a981-9cde-4181-ad31-c33ccd366946','c5a704e9-ed56-4cd2-a05c-a3aa39a8342a',NULL,NULL,NULL,NULL,'0000-00-00 00:00:00','0000-00-00 00:00:00'),('72be237b-d395-4449-b88d-c1cfd1e94e80','499ca6d8-a63b-4f11-8e3f-1e5cf151492b',NULL,'224ff20e-e52a-4ace-9e7c-95537203a4ae',NULL,NULL,NULL,'0000-00-00 00:00:00','0000-00-00 00:00:00'),('742b0288-8981-41d5-8f80-e1e373eea42d','c5d5a720-7374-4dab-a79e-fb7d94adc417',NULL,NULL,NULL,'407a370f-980d-436e-ac8c-2c12788ed739',NULL,'0000-00-00 00:00:00','0000-00-00 00:00:00'),('7438b814-e9f2-4de2-a021-6020e5e72fc0','d343e711-87b4-438d-ae98-14c46d1afdd1',NULL,NULL,'637d304f-b643-48b2-ad14-c4ca0bdb3d07',NULL,NULL,'0000-00-00 00:00:00','0000-00-00 00:00:00'),('7470814e-f4b0-4c3b-8c05-d56c5993c057','6c4fb14d-3a26-4b50-bdd6-bb732a394d31','1677c3c1-2271-4f09-955a-cbd71fdb8cee',NULL,NULL,NULL,NULL,'0000-00-00 00:00:00','0000-00-00 00:00:00'),('74df6046-ed00-414b-8581-10274ad16fe1','7a347d82-fb3a-44aa-a8c0-959d8bbf5ccf',NULL,NULL,'637d304f-b643-48b2-ad14-c4ca0bdb3d07',NULL,NULL,'0000-00-00 00:00:00','0000-00-00 00:00:00'),('757246f6-e423-4594-af19-15d9c185b599','a551a973-b82c-42ed-b995-e9e3480f7220',NULL,NULL,'812906ea-c7cc-44c4-aa36-949f90e0bc28',NULL,NULL,'0000-00-00 00:00:00','0000-00-00 00:00:00'),('75f1a61e-bcc8-4b63-9951-c8fef294bf9a','c63cf032-49d4-47dd-9557-a3e6724ab501','612cc9f6-3e30-43ca-a2e4-82c862ad0989',NULL,NULL,NULL,NULL,'0000-00-00 00:00:00','0000-00-00 00:00:00'),('78732396-3048-440c-9daa-9ff0d4adb666','be15edbd-5338-4193-8ebd-eea75ff3ca06',NULL,NULL,NULL,'407a370f-980d-436e-ac8c-2c12788ed739',NULL,'0000-00-00 00:00:00','0000-00-00 00:00:00'),('78c5d251-0237-4e7c-aaaa-4672dce9c03e','cdf4a845-5512-46fa-8514-4390bdb4a771','1288b2a9-5122-49af-b11f-9be3e7380ec0',NULL,NULL,NULL,NULL,'0000-00-00 00:00:00','0000-00-00 00:00:00'),('795fd154-c7a8-4474-bf7b-0e60fbfc994d','f3be8954-3fae-4b42-8f9b-9133f49a028f',NULL,NULL,'36c8a137-1c50-46b5-9631-60352a37ad77',NULL,NULL,'0000-00-00 00:00:00','0000-00-00 00:00:00'),('79623404-034b-4f94-b70a-f7754831020e','515e5406-2bd1-45f6-9abb-8af93bcb16e9','612cc9f6-3e30-43ca-a2e4-82c862ad0989',NULL,NULL,NULL,NULL,'0000-00-00 00:00:00','0000-00-00 00:00:00'),('79d981ac-8bcb-4c91-a4c9-65eb4de2c9dc','de7638ad-955e-4ab9-8c80-4ecba737cdac',NULL,NULL,'812906ea-c7cc-44c4-aa36-949f90e0bc28',NULL,NULL,'0000-00-00 00:00:00','0000-00-00 00:00:00'),('7a116f3a-98b5-416a-81af-ce377c33f6df','724a896e-b3f6-4ded-aa76-466c594018cf','aa14991b-c07b-424d-bd5a-4f0e1940bef5',NULL,NULL,NULL,NULL,'0000-00-00 00:00:00','0000-00-00 00:00:00'),('7a3824dc-462b-4e0d-bfb9-b3d33e51d2ff','b7e03701-f4c6-4f71-a81e-3614e7202fc7','bac873dd-5b34-412c-b469-661350abe3e4',NULL,NULL,NULL,NULL,'0000-00-00 00:00:00','0000-00-00 00:00:00'),('7db40a87-7734-4f86-ade8-e4d811dbb044','257a1aad-239a-4258-955b-61006e828c8d',NULL,NULL,NULL,'407a370f-980d-436e-ac8c-2c12788ed739',NULL,'0000-00-00 00:00:00','0000-00-00 00:00:00'),('7f497b0c-7483-4950-a60d-52a11670625a','b7bd7603-1cee-42c6-b6cc-2d52cdc4fad0','9b12d6cd-1bec-4e29-a21b-63f6a75725ca',NULL,NULL,NULL,NULL,'0000-00-00 00:00:00','0000-00-00 00:00:00'),('7fa59fd3-794f-4ca2-8abd-96f9c2883cae','94eee7ea-bf62-4eae-b7c7-8af6b6e9b5cf','dc088049-9d9f-4977-b023-14fa310d50c7',NULL,NULL,NULL,NULL,'0000-00-00 00:00:00','0000-00-00 00:00:00'),('800fc785-6d78-49b9-ba6e-e8d83b03f14a','de678543-7198-41d0-9342-8d6004927ab3',NULL,NULL,NULL,'407a370f-980d-436e-ac8c-2c12788ed739',NULL,'0000-00-00 00:00:00','0000-00-00 00:00:00'),('8010e362-a055-4867-9587-1fc63c2ea814','043b3de5-bb80-4b4b-a702-dba3ac81a115','d38b145c-d064-494e-bd8a-46d47b5d3f51',NULL,NULL,NULL,NULL,'0000-00-00 00:00:00','0000-00-00 00:00:00'),('80716832-5a3e-4bfd-a737-764d425ab5a4','d3e3bf42-231c-4eec-a82a-8d9997aa232e','37cc6771-8c92-4ca8-8e24-d3059bb499df',NULL,NULL,NULL,NULL,'0000-00-00 00:00:00','0000-00-00 00:00:00'),('83d33e5a-8db8-47c9-a3fb-6a8c5228a5b9','992e7e27-4fe6-491d-b1b5-6af4117709bc',NULL,NULL,'812906ea-c7cc-44c4-aa36-949f90e0bc28',NULL,NULL,'0000-00-00 00:00:00','0000-00-00 00:00:00'),('83dd16bf-4b43-4409-815c-544d271b482a','e563bed4-40ed-40aa-bc80-230096eaf56e','1677c3c1-2271-4f09-955a-cbd71fdb8cee',NULL,NULL,NULL,NULL,'0000-00-00 00:00:00','0000-00-00 00:00:00'),('84dad9a7-e568-488d-859f-cbfd3617172f','58f2456a-b1b8-4cba-87c4-e7428a0597c4',NULL,NULL,'63aa2ce6-6b9e-484f-9ee6-64499458543b',NULL,NULL,'0000-00-00 00:00:00','0000-00-00 00:00:00'),('85ee8497-0940-4105-ac47-d5354a053027','8f43ef22-29d7-4a12-8ce4-066f71b4fdf2','aa14991b-c07b-424d-bd5a-4f0e1940bef5',NULL,NULL,NULL,NULL,'0000-00-00 00:00:00','0000-00-00 00:00:00'),('862897d5-a235-4299-970e-24f3eaa33317','b0331765-b703-48f5-9037-6bd7ff31ef77','dc088049-9d9f-4977-b023-14fa310d50c7',NULL,NULL,NULL,NULL,'0000-00-00 00:00:00','0000-00-00 00:00:00'),('86f51e26-dec4-4830-ad57-d8ceb764539b','fdce78a9-c07e-4211-80c7-eb22c574b874','f9ea22db-616d-46eb-bcf3-2ffcab5e08dc',NULL,NULL,NULL,NULL,'0000-00-00 00:00:00','0000-00-00 00:00:00'),('873e82c3-3a05-403c-aa05-61daa64eb1b5','042fea19-c1e2-409e-b0cd-8c03f599fbe4',NULL,NULL,NULL,'713ed26f-806b-413e-aa79-995256dac646',NULL,'0000-00-00 00:00:00','0000-00-00 00:00:00'),('88b50328-3038-42e0-a2c4-1918b5c90ef0','a8b33274-c7af-4c73-83f3-5575f1950531',NULL,NULL,NULL,'713ed26f-806b-413e-aa79-995256dac646',NULL,'0000-00-00 00:00:00','0000-00-00 00:00:00'),('891fd119-b3c6-48a6-ba5d-60f130c86f91','d16a8b71-6061-478b-b515-0d19d8866bba','9b12d6cd-1bec-4e29-a21b-63f6a75725ca',NULL,NULL,NULL,NULL,'0000-00-00 00:00:00','0000-00-00 00:00:00'),('89231eca-376d-4981-a7da-44d7a39d4195','41bfe5a4-280d-4e1c-8530-c2bef6133a21',NULL,NULL,'36c8a137-1c50-46b5-9631-60352a37ad77',NULL,NULL,'0000-00-00 00:00:00','0000-00-00 00:00:00'),('8957bd9e-e4a1-4e65-a5c9-f7cac4f990ef','da3ad652-78aa-4493-b163-d03a9602ba56',NULL,NULL,NULL,'71ea3017-ec2f-469d-81a9-deaa95671ce1',NULL,'0000-00-00 00:00:00','0000-00-00 00:00:00'),('8bb50f41-7791-450e-acba-c8efc03cc98f','c6ac8e3d-c585-485a-b5a3-afc44e56af60',NULL,NULL,'63aa2ce6-6b9e-484f-9ee6-64499458543b',NULL,NULL,'0000-00-00 00:00:00','0000-00-00 00:00:00'),('8dfb2bea-924a-4411-9d88-4825f5bf5fc6','efa4cb2f-5e87-498b-859b-d501134e673f','6ffade88-b7aa-4739-9cf3-aacd2c25ce08',NULL,NULL,NULL,NULL,'0000-00-00 00:00:00','0000-00-00 00:00:00'),('8e55e535-7b42-478c-aa45-2df8c7dffa5b','7d5a1076-7b4d-490d-932d-7fc16fb7e0d6','dc088049-9d9f-4977-b023-14fa310d50c7',NULL,NULL,NULL,NULL,'0000-00-00 00:00:00','0000-00-00 00:00:00'),('8f49698c-6a2e-4b1d-b266-08bbc2747c71','c5aeef13-04e5-41c4-b8a1-e6832bc67910',NULL,NULL,'36c8a137-1c50-46b5-9631-60352a37ad77',NULL,NULL,'0000-00-00 00:00:00','0000-00-00 00:00:00'),('8f55ed82-b5a6-46f6-90ab-ef2c625c61ae','459daa70-ff3d-4e2a-b0d5-709caa2fe032',NULL,NULL,'63aa2ce6-6b9e-484f-9ee6-64499458543b',NULL,NULL,'0000-00-00 00:00:00','0000-00-00 00:00:00'),('8fc6d787-c34f-4e00-a224-ae329cfbe253','2efa885b-71e9-4550-91fa-43fdaa26ea15',NULL,NULL,NULL,'713ed26f-806b-413e-aa79-995256dac646',NULL,'0000-00-00 00:00:00','0000-00-00 00:00:00'),('902cfd67-2e6c-4bf1-b7b0-e55a38ec63dc','4113b5ac-d56c-42ce-9755-88aedf95a304',NULL,NULL,'36c8a137-1c50-46b5-9631-60352a37ad77',NULL,NULL,'0000-00-00 00:00:00','0000-00-00 00:00:00'),('90592bdc-ea99-4430-a4b2-d414f6439881','2b6c98e7-5348-4146-b6e9-c12637afb821',NULL,NULL,'637d304f-b643-48b2-ad14-c4ca0bdb3d07',NULL,NULL,'0000-00-00 00:00:00','0000-00-00 00:00:00'),('908e39ed-b759-40b0-8364-f3b00beaec2c','89ebf968-17fe-4e6a-960d-49c58ba54d63',NULL,NULL,NULL,'71ea3017-ec2f-469d-81a9-deaa95671ce1',NULL,'0000-00-00 00:00:00','0000-00-00 00:00:00'),('92602f02-89ba-4ed8-b78a-278f166c3985','86d4754a-e163-4d33-8385-010dff9d440b','1288b2a9-5122-49af-b11f-9be3e7380ec0',NULL,NULL,NULL,NULL,'0000-00-00 00:00:00','0000-00-00 00:00:00'),('931f4ea0-3f02-4ace-9b30-3cbe83b92101','aecddd8a-133b-4001-bd5d-3bb96172c155','ead62e8d-fae7-4a11-bc4b-2a0434aa2c93',NULL,NULL,NULL,NULL,'0000-00-00 00:00:00','0000-00-00 00:00:00'),('960f01d2-b127-4f65-b3e0-61c2fb988d02','18359990-b625-453c-9899-82d0d2444f9e',NULL,NULL,NULL,'713ed26f-806b-413e-aa79-995256dac646',NULL,'0000-00-00 00:00:00','0000-00-00 00:00:00'),('9619da74-7c30-4a36-b794-3ee67e6358cd','de2d8447-5957-47f6-9a23-c5c7689ab3fe',NULL,NULL,NULL,NULL,'9fd61dd6-ad4d-4fac-8288-2e847eba7e56','0000-00-00 00:00:00','0000-00-00 00:00:00'),('97727900-5689-48dc-bfec-83fcaf396827','1a3823e5-2b4f-4449-9a71-9ca562e08d07',NULL,NULL,NULL,'407a370f-980d-436e-ac8c-2c12788ed739',NULL,'0000-00-00 00:00:00','0000-00-00 00:00:00'),('9a260259-db46-48d4-8904-92f5d0eeea98','71ae63ed-3cc2-4330-af3e-b9cc09e37001','ebd02164-7acd-40f3-8edd-a4be74997adf',NULL,NULL,NULL,NULL,'0000-00-00 00:00:00','0000-00-00 00:00:00'),('9acf37e7-0d29-4566-a162-51b09eefe707','be74d430-21cb-458e-be23-c6fac6f874db','cf230dba-d401-4505-a6ce-5a0bd56bdac3',NULL,NULL,NULL,NULL,'0000-00-00 00:00:00','0000-00-00 00:00:00'),('9cdbc6a9-ae20-4cc1-b4df-2a790f4bac33','7a57d43e-17c3-4d9c-95c3-73727aa12895',NULL,NULL,'637d304f-b643-48b2-ad14-c4ca0bdb3d07',NULL,NULL,'0000-00-00 00:00:00','0000-00-00 00:00:00'),('9ce81d7a-b825-4954-9ff5-a76206faa362','397aa0da-8d63-48ea-b715-6c2d6b70bdd8',NULL,NULL,NULL,'713ed26f-806b-413e-aa79-995256dac646',NULL,'0000-00-00 00:00:00','0000-00-00 00:00:00'),('9d19df9e-c627-40c8-8132-14aefb52113a','0ebb8a44-aac5-4bbe-a7cc-ab0d5c1a33d5',NULL,NULL,'812906ea-c7cc-44c4-aa36-949f90e0bc28',NULL,NULL,'0000-00-00 00:00:00','0000-00-00 00:00:00'),('9f71c34e-f836-421c-a61d-89576ba14ff7','87f0cd3f-6a28-49d5-9aac-5999197f6d0d',NULL,NULL,'63aa2ce6-6b9e-484f-9ee6-64499458543b',NULL,NULL,'0000-00-00 00:00:00','0000-00-00 00:00:00'),('9fc23d72-e514-4df1-8c1c-eaab2551d632','5fe58e94-c820-4637-a167-c63639ff5320','bac873dd-5b34-412c-b469-661350abe3e4',NULL,NULL,NULL,NULL,'0000-00-00 00:00:00','0000-00-00 00:00:00'),('9fdf77ed-1cd7-4abe-85d8-af8beff04a98','7038dbaf-3bd3-4540-96dc-d9f1fce0cb27','1677c3c1-2271-4f09-955a-cbd71fdb8cee',NULL,NULL,NULL,NULL,'0000-00-00 00:00:00','0000-00-00 00:00:00'),('a1e7a188-af7e-477b-bd8b-f2bf735d4b89','b5ae53c0-6eb0-4cb2-a6b6-d7b649870433',NULL,NULL,'812906ea-c7cc-44c4-aa36-949f90e0bc28',NULL,NULL,'0000-00-00 00:00:00','0000-00-00 00:00:00'),('a24fc1aa-f5bf-434a-9eb0-a062133ed86d','83cb3ca3-770b-4cc3-a233-05b6cf100fd5','c5a704e9-ed56-4cd2-a05c-a3aa39a8342a',NULL,NULL,NULL,NULL,'0000-00-00 00:00:00','0000-00-00 00:00:00'),('a2dab55c-caee-4114-9dbd-e56f7e834ad1','a8a7190b-d71e-4c7c-bb9c-2175a338401d',NULL,NULL,NULL,NULL,'c149db00-827b-48fc-8b2a-2d970aebc967','0000-00-00 00:00:00','0000-00-00 00:00:00'),('a4dc8b64-46e4-4b25-a31c-2df3811cd12c','c5873018-9893-4e48-9a23-fd8c85054a7a',NULL,NULL,'812906ea-c7cc-44c4-aa36-949f90e0bc28',NULL,NULL,'0000-00-00 00:00:00','0000-00-00 00:00:00'),('a61c9c8b-b3e7-45a4-9144-fa7ad1eece27','691cca7f-976f-4df1-b665-616633f94f36',NULL,NULL,'637d304f-b643-48b2-ad14-c4ca0bdb3d07',NULL,NULL,'0000-00-00 00:00:00','0000-00-00 00:00:00'),('a7ea9bcf-0704-4a31-a5e0-bc6c8f5c70a1','a53052b2-9b7a-4f10-ae28-fde8f94418da',NULL,NULL,'812906ea-c7cc-44c4-aa36-949f90e0bc28',NULL,NULL,'0000-00-00 00:00:00','0000-00-00 00:00:00'),('a9fb815f-2c3c-46f0-8542-2b603b7fc7bc','8cea951a-525e-4bfe-b102-a2bddcc3b394',NULL,NULL,NULL,'71ea3017-ec2f-469d-81a9-deaa95671ce1',NULL,'0000-00-00 00:00:00','0000-00-00 00:00:00'),('aa20c401-9bd1-4a71-b5f3-0e89f75cf9a5','7142396c-13ff-4045-a6fd-8143e0d45730',NULL,NULL,'36c8a137-1c50-46b5-9631-60352a37ad77',NULL,NULL,'0000-00-00 00:00:00','0000-00-00 00:00:00'),('aa396471-1985-48fe-a301-00733a9b531e','adc99b25-2b89-4440-a8c2-63a56730d68c',NULL,NULL,NULL,'407a370f-980d-436e-ac8c-2c12788ed739',NULL,'0000-00-00 00:00:00','0000-00-00 00:00:00'),('aab5a7fe-881a-4a03-af94-c15b2263645f','26928ba3-1b9c-4e61-b483-83b305fbce0d','1677c3c1-2271-4f09-955a-cbd71fdb8cee',NULL,NULL,NULL,NULL,'0000-00-00 00:00:00','0000-00-00 00:00:00'),('aae40d4f-4208-4f6c-a6fd-66e5d87ffc08','cff60876-4a71-4954-9f94-864b03ff82d1',NULL,NULL,'36c8a137-1c50-46b5-9631-60352a37ad77',NULL,NULL,'0000-00-00 00:00:00','0000-00-00 00:00:00'),('aae6ebc0-e875-474b-95dd-3e60dded485d','36cf0f61-aba9-4907-b76b-47e9335c635d',NULL,NULL,NULL,'71ea3017-ec2f-469d-81a9-deaa95671ce1',NULL,'0000-00-00 00:00:00','0000-00-00 00:00:00'),('ac8e5656-7609-4a7f-8ac3-f0565900d390','fde3df75-515b-4a67-8e9e-910567c32e34','cf230dba-d401-4505-a6ce-5a0bd56bdac3',NULL,NULL,NULL,NULL,'0000-00-00 00:00:00','0000-00-00 00:00:00'),('acd9587e-c084-4773-9bd3-002b65241c0d','12255edd-7cf2-4d5e-baaa-d0ac8fa533ae','cf230dba-d401-4505-a6ce-5a0bd56bdac3',NULL,NULL,NULL,NULL,'0000-00-00 00:00:00','0000-00-00 00:00:00'),('ad3d708b-3605-418a-8e16-3df5d975c687','bad09876-f7b5-452b-96ca-25e1bcfd9503','1bed13d7-36f2-4a11-9d9d-e82707d4efcc',NULL,NULL,NULL,NULL,'0000-00-00 00:00:00','0000-00-00 00:00:00'),('ad8d991f-f464-40d0-8bce-578d7a322873','00384b61-3f7e-4295-8b1d-ec160d90e147','039816b6-742a-4558-a9e8-a2e66cd87837',NULL,NULL,NULL,NULL,'0000-00-00 00:00:00','0000-00-00 00:00:00'),('adc1614d-5c76-49a3-a412-0031050fbbc1','dc01459e-8925-47b6-8fbc-1e5eeda57d7a','aa14991b-c07b-424d-bd5a-4f0e1940bef5',NULL,NULL,NULL,NULL,'0000-00-00 00:00:00','0000-00-00 00:00:00'),('ae4b9450-ff00-4867-bd69-639037c9545e','0945024f-a9b3-4b07-9b65-f12ab4cb517f',NULL,NULL,NULL,'407a370f-980d-436e-ac8c-2c12788ed739',NULL,'0000-00-00 00:00:00','0000-00-00 00:00:00'),('ae6f780b-d15c-4416-bb9f-0fb0991f8505','18ba612b-1ff7-49a0-9543-5bc0d64592e1',NULL,NULL,NULL,NULL,'5c01d502-363c-429e-9177-f2f99bbae70a','0000-00-00 00:00:00','0000-00-00 00:00:00'),('aed50865-0240-4eff-9819-e3955debc8b6','86e9f08a-b4a4-42e6-b1fd-d8290cfedc82','6363e60c-a5cd-4aa2-80d4-6275adcfc457',NULL,NULL,NULL,NULL,'0000-00-00 00:00:00','0000-00-00 00:00:00'),('af6ca05a-d696-4369-95a0-11506ac65092','83875da6-443e-4375-8c6f-5b1663ac79b3',NULL,NULL,'812906ea-c7cc-44c4-aa36-949f90e0bc28',NULL,NULL,'0000-00-00 00:00:00','0000-00-00 00:00:00'),('afb68504-0f23-4a53-9faf-3e9f3f368a26','9205deff-19f7-4335-b07a-63e98767aade','612cc9f6-3e30-43ca-a2e4-82c862ad0989',NULL,NULL,NULL,NULL,'0000-00-00 00:00:00','0000-00-00 00:00:00'),('b00bd924-ff4a-4db1-819b-f1916c34fecc','f1925d77-29ff-4205-a029-e5d3fea8fc62',NULL,NULL,NULL,'71ea3017-ec2f-469d-81a9-deaa95671ce1',NULL,'0000-00-00 00:00:00','0000-00-00 00:00:00'),('b0bfb956-b5aa-449f-a6cd-011020b28b7c','7269f0e0-3013-4dfa-a935-1ebdaf9aad07',NULL,NULL,'36c8a137-1c50-46b5-9631-60352a37ad77',NULL,NULL,'0000-00-00 00:00:00','0000-00-00 00:00:00'),('b2569b5a-3356-4af3-a1db-40447dae3655','23ed960a-5918-4290-8f22-af8b7ddef80b','1677c3c1-2271-4f09-955a-cbd71fdb8cee',NULL,NULL,NULL,NULL,'0000-00-00 00:00:00','0000-00-00 00:00:00'),('b5cc3c51-f91d-4037-bd19-773352a93ef7','68e6a505-b1e3-4898-b30f-b2d90f7c7e67',NULL,NULL,'63aa2ce6-6b9e-484f-9ee6-64499458543b',NULL,NULL,'0000-00-00 00:00:00','0000-00-00 00:00:00'),('b6f3a958-cfc9-4a4b-b191-112f41802c6b','74c38021-4d72-4c48-8df1-0a67cf9b7627','1288b2a9-5122-49af-b11f-9be3e7380ec0',NULL,NULL,NULL,NULL,'0000-00-00 00:00:00','0000-00-00 00:00:00'),('b6fe258d-5f9b-454a-bfd6-9d19cc5d9f3b','fd2c93d2-b0d1-4e7a-824b-200897f5cf2e',NULL,NULL,'36c8a137-1c50-46b5-9631-60352a37ad77',NULL,NULL,'0000-00-00 00:00:00','0000-00-00 00:00:00'),('b72a3345-52bc-4bf9-9a04-7b2e7d8fccd0','561fae34-ceca-4ea1-820e-e4670bc8546e',NULL,NULL,NULL,'71ea3017-ec2f-469d-81a9-deaa95671ce1',NULL,'0000-00-00 00:00:00','0000-00-00 00:00:00'),('b85dcd1a-33d1-4eeb-89e3-498989e1a3e2','8581c6a3-0787-4fe8-b126-99df39d345ca',NULL,NULL,'637d304f-b643-48b2-ad14-c4ca0bdb3d07',NULL,NULL,'0000-00-00 00:00:00','0000-00-00 00:00:00'),('b883caa5-0169-40a8-873b-1cf851ca3a85','9ed75155-618e-4520-8530-46aa65c60c51','bac873dd-5b34-412c-b469-661350abe3e4',NULL,NULL,NULL,NULL,'0000-00-00 00:00:00','0000-00-00 00:00:00'),('b930acd1-a6ad-4ebd-9e93-b7306023ae25','99cbc017-bf74-41c1-99ee-cdd70a371ba3',NULL,NULL,NULL,'407a370f-980d-436e-ac8c-2c12788ed739',NULL,'0000-00-00 00:00:00','0000-00-00 00:00:00'),('bad5564d-2c11-4a95-98d4-8fbc30cd5434','d9509fc4-db7c-457d-a84b-9ae8ba15751b','dc088049-9d9f-4977-b023-14fa310d50c7',NULL,NULL,NULL,NULL,'0000-00-00 00:00:00','0000-00-00 00:00:00'),('bbce352a-cca6-4860-b15b-d53728760216','c2e4a0e3-bcb1-4d06-9c0b-2c76dc0d2de6',NULL,NULL,NULL,'71ea3017-ec2f-469d-81a9-deaa95671ce1',NULL,'0000-00-00 00:00:00','0000-00-00 00:00:00'),('bd1eae91-51f8-4726-b1b1-fbf679c36ef3','bbe83122-3531-49f9-ad05-1d5231337688','9b12d6cd-1bec-4e29-a21b-63f6a75725ca',NULL,NULL,NULL,NULL,'0000-00-00 00:00:00','0000-00-00 00:00:00'),('be14ff86-a0dd-4597-9692-7c80d49f23e8','c34e879a-6877-4004-958e-f62f98f8133e',NULL,NULL,'812906ea-c7cc-44c4-aa36-949f90e0bc28',NULL,NULL,'0000-00-00 00:00:00','0000-00-00 00:00:00'),('bfabbae5-0679-4508-91aa-8649fa07d87e','31ba605d-b934-44a5-b92c-52a0515a9e64',NULL,NULL,NULL,'713ed26f-806b-413e-aa79-995256dac646',NULL,'0000-00-00 00:00:00','0000-00-00 00:00:00'),('c0c89a6d-d17f-4e80-bfdf-e6427b2e577b','eb56926a-0146-4aff-a81b-1b3bda9e8215',NULL,NULL,'637d304f-b643-48b2-ad14-c4ca0bdb3d07',NULL,NULL,'0000-00-00 00:00:00','0000-00-00 00:00:00'),('c10714b4-dca4-4ac2-a6fa-dbdfc555069a','0b24cbb0-ffc6-4f74-9ace-0d7f43f9a6a9','7f45ef8b-b0df-46f6-9033-0e6a32b567b6',NULL,NULL,NULL,NULL,'0000-00-00 00:00:00','0000-00-00 00:00:00'),('c1a5deb2-ed77-45c3-90b8-d386c3fce107','3ad090b8-3576-4fbf-b529-d706cfc7417d',NULL,NULL,NULL,'71ea3017-ec2f-469d-81a9-deaa95671ce1',NULL,'0000-00-00 00:00:00','0000-00-00 00:00:00'),('c20e7fb0-b45e-40f9-a021-4fbf33e63631','174fdbf5-03ec-425b-af5d-d45ff27c7990','6ffade88-b7aa-4739-9cf3-aacd2c25ce08',NULL,NULL,NULL,NULL,'0000-00-00 00:00:00','0000-00-00 00:00:00'),('c22c8098-24b7-469f-8bcf-ec4ef9c57d3d','1624d2bd-170b-44cb-8331-4e35e7bb99fd',NULL,NULL,'36c8a137-1c50-46b5-9631-60352a37ad77',NULL,NULL,'0000-00-00 00:00:00','0000-00-00 00:00:00'),('c2866941-9ac0-4f8f-81d1-4836c2014880','d07f605b-796a-4e04-b924-be34448fbdb0','6363e60c-a5cd-4aa2-80d4-6275adcfc457',NULL,NULL,NULL,NULL,'0000-00-00 00:00:00','0000-00-00 00:00:00'),('c2e4ab67-5312-428b-b794-675fee8fc195','7c5333a9-dc35-4c12-abcd-1b1f610e2aa3',NULL,NULL,NULL,'407a370f-980d-436e-ac8c-2c12788ed739',NULL,'0000-00-00 00:00:00','0000-00-00 00:00:00'),('c6548950-95fc-43e4-af86-3382b099c131','3f555fd5-5050-4efb-8524-89968af50af0',NULL,NULL,NULL,'713ed26f-806b-413e-aa79-995256dac646',NULL,'0000-00-00 00:00:00','0000-00-00 00:00:00'),('c66c321f-52ce-4fdd-947e-0deafc6bfbe3','372762a8-ddb8-4b78-8229-5a8cb0a586e4',NULL,NULL,'637d304f-b643-48b2-ad14-c4ca0bdb3d07',NULL,NULL,'0000-00-00 00:00:00','0000-00-00 00:00:00'),('c7272f0f-b660-43d6-8b9e-14a82c680b00','e081052c-6b25-452c-bcbe-5619006ff9eb','5ab1022f-f9b3-4416-98e1-78332ebbd23e',NULL,NULL,NULL,NULL,'0000-00-00 00:00:00','0000-00-00 00:00:00'),('c8794179-8ffa-4e73-bdfb-2ef4cdffe0f7','ddf9f85a-7fc4-47f0-abf3-437c7eb2ab72',NULL,NULL,NULL,'71ea3017-ec2f-469d-81a9-deaa95671ce1',NULL,'0000-00-00 00:00:00','0000-00-00 00:00:00'),('c88443ea-50b9-4ff4-b57f-701f900201e1','48f967ed-3e57-425b-8078-f9c9b9525df9',NULL,NULL,'812906ea-c7cc-44c4-aa36-949f90e0bc28',NULL,NULL,'0000-00-00 00:00:00','0000-00-00 00:00:00'),('c88489f3-cefe-4724-bc39-c340632d482c','ecec94de-8725-47e6-983a-bfad562d2f87',NULL,NULL,'812906ea-c7cc-44c4-aa36-949f90e0bc28',NULL,NULL,'0000-00-00 00:00:00','0000-00-00 00:00:00'),('c96198d6-c43e-424c-bb79-4a72fc5fa7f0','939094ab-a2fa-4e53-a487-59e33a727b79',NULL,NULL,'36c8a137-1c50-46b5-9631-60352a37ad77',NULL,NULL,'0000-00-00 00:00:00','0000-00-00 00:00:00'),('cb0dc89f-93cb-4278-90c8-f28ec62afba4','73090ebb-a808-492e-9aae-3ef982f2b790','1677c3c1-2271-4f09-955a-cbd71fdb8cee',NULL,NULL,NULL,NULL,'0000-00-00 00:00:00','0000-00-00 00:00:00'),('cb8a2e3b-e103-49bb-a8b3-e9fe10511b45','20c0bf51-f907-4ecd-9445-a77d91430c04','6363e60c-a5cd-4aa2-80d4-6275adcfc457',NULL,NULL,NULL,NULL,'0000-00-00 00:00:00','0000-00-00 00:00:00'),('cc7c339e-984e-413b-bd94-8a8b9f547c1a','20da5513-3582-4385-bc15-f3a4fa709290',NULL,NULL,'63aa2ce6-6b9e-484f-9ee6-64499458543b',NULL,NULL,'0000-00-00 00:00:00','0000-00-00 00:00:00'),('ccc605cd-5fcd-4709-bf83-c8af64a85d8b','2d1b805d-e3b9-4f96-9d06-ac1b75f6c947',NULL,NULL,NULL,NULL,'327c6781-3ec3-408d-8eb4-583232970b28','0000-00-00 00:00:00','0000-00-00 00:00:00'),('cd728737-b35a-4534-97c8-562825d285ed','0ec6cf5a-c48a-4034-a016-788fbe333d3f','5ab1022f-f9b3-4416-98e1-78332ebbd23e',NULL,NULL,NULL,NULL,'0000-00-00 00:00:00','0000-00-00 00:00:00'),('cfc25c5e-8e6c-4bad-9e93-15b5eeb1fa7a','c9f23dd0-cbef-4c93-b3ad-fb3bef62c697','f9ea22db-616d-46eb-bcf3-2ffcab5e08dc',NULL,NULL,NULL,NULL,'0000-00-00 00:00:00','0000-00-00 00:00:00'),('cfc6c095-1695-48c0-bafb-01aebbe9db08','d5c0c6be-efc1-4e77-9033-9b09d6419aed',NULL,NULL,NULL,'407a370f-980d-436e-ac8c-2c12788ed739',NULL,'0000-00-00 00:00:00','0000-00-00 00:00:00'),('d19aa524-60c6-4b23-b43a-fcffdec5af5d','1d6b248e-22cc-4ee4-8cc3-7b8d16c59f12',NULL,'691ea2ab-4ef3-4adb-a7af-e7480a896913',NULL,NULL,NULL,'0000-00-00 00:00:00','0000-00-00 00:00:00'),('d40112cb-f0b2-4146-b52c-2d58db7e1e8a','1cdcd2b7-fb30-447c-926f-d27358acd78a','a3bbebfb-fd29-4994-8482-0030b7502e6e',NULL,NULL,NULL,NULL,'0000-00-00 00:00:00','0000-00-00 00:00:00'),('d55cfe61-d3af-4cfa-948d-8f85bcb688dc','de97e9d0-55b4-4bdd-9260-d72d7ea7d42f','612cc9f6-3e30-43ca-a2e4-82c862ad0989',NULL,NULL,NULL,NULL,'0000-00-00 00:00:00','0000-00-00 00:00:00'),('d644f1ba-c914-434a-932a-f8a904f59a4d','097e9198-4a7a-4a22-aa4a-d0708fd765a7','1288b2a9-5122-49af-b11f-9be3e7380ec0',NULL,NULL,NULL,NULL,'0000-00-00 00:00:00','0000-00-00 00:00:00'),('d680cb0c-f0e9-4362-924f-5d36d3a865ad','c207f15c-6d28-4247-ba60-9266e827537b',NULL,NULL,'812906ea-c7cc-44c4-aa36-949f90e0bc28',NULL,NULL,'0000-00-00 00:00:00','0000-00-00 00:00:00'),('d7870394-76a0-417f-b01a-004bc371d552','f87b4508-8f52-4dcc-ae28-ce5893e6d9f4',NULL,NULL,'812906ea-c7cc-44c4-aa36-949f90e0bc28',NULL,NULL,'0000-00-00 00:00:00','0000-00-00 00:00:00'),('d846d86a-e230-461c-85ae-94eeaf1e6ce9','bb0139a3-7160-4373-83ed-6d1250b3f15d','c36aa197-7c61-45ab-b22a-a96d3b169c59',NULL,NULL,NULL,NULL,'0000-00-00 00:00:00','0000-00-00 00:00:00'),('da74172b-08e2-4bf6-a12a-60c4d59780d3','ba5530cb-dc6b-48ba-a1f6-fc06f6cc04c3',NULL,NULL,NULL,'407a370f-980d-436e-ac8c-2c12788ed739',NULL,'0000-00-00 00:00:00','0000-00-00 00:00:00'),('db74404b-d509-418e-8e3b-d6e73dcd1302','aba18339-2e62-4cb4-a989-09946ed663bc','5ab1022f-f9b3-4416-98e1-78332ebbd23e',NULL,NULL,NULL,NULL,'0000-00-00 00:00:00','0000-00-00 00:00:00'),('dd11a1b7-f74c-4d0b-8f01-388906739e78','7d0ecdc7-9fd0-4782-a746-f049fd86cf61','612cc9f6-3e30-43ca-a2e4-82c862ad0989',NULL,NULL,NULL,NULL,'0000-00-00 00:00:00','0000-00-00 00:00:00'),('ddae20e9-6324-4e6c-9c81-168d80c57c77','07cf38e3-a1e7-4828-a3e5-1149a5774327',NULL,NULL,'63aa2ce6-6b9e-484f-9ee6-64499458543b',NULL,NULL,'0000-00-00 00:00:00','0000-00-00 00:00:00'),('df2fb9b0-abab-4d38-92ff-e624aad74f32','0690b58d-022e-4fec-b2ee-cb87f1291d01',NULL,NULL,'812906ea-c7cc-44c4-aa36-949f90e0bc28',NULL,NULL,'0000-00-00 00:00:00','0000-00-00 00:00:00'),('e016443a-1857-4222-ad41-bb0e9047fc0e','276cb1ff-ac72-4118-8edd-61e8f5ad3f59','c5a704e9-ed56-4cd2-a05c-a3aa39a8342a',NULL,NULL,NULL,NULL,'0000-00-00 00:00:00','0000-00-00 00:00:00'),('e31722a3-37c6-44b0-9ab1-24708de03b5c','8a8ea3a7-c519-421d-9b9d-1588462f2116',NULL,NULL,NULL,NULL,'327c6781-3ec3-408d-8eb4-583232970b28','0000-00-00 00:00:00','0000-00-00 00:00:00'),('e35bf571-c31b-44ed-8f86-d0e9934414db','d7d6970d-84c4-4b28-bb47-1270811e0bed','1677c3c1-2271-4f09-955a-cbd71fdb8cee',NULL,NULL,NULL,NULL,'0000-00-00 00:00:00','0000-00-00 00:00:00'),('e39a51d5-849f-4d3b-aab8-2f2c0897c3f9','a384be46-aac9-42fb-b616-0f2af9ebb193',NULL,NULL,'63aa2ce6-6b9e-484f-9ee6-64499458543b',NULL,NULL,'0000-00-00 00:00:00','0000-00-00 00:00:00'),('e6abfa87-8bcd-46dc-aa8f-fca32726279e','a7cdd703-621e-4470-87e7-9a086f6b3989',NULL,NULL,'36c8a137-1c50-46b5-9631-60352a37ad77',NULL,NULL,'0000-00-00 00:00:00','0000-00-00 00:00:00'),('e7007ccc-0549-42f8-9443-8d99bbac0583','74a3ee8d-cf6f-4447-878a-e3a138f1ef10',NULL,NULL,'637d304f-b643-48b2-ad14-c4ca0bdb3d07',NULL,NULL,'0000-00-00 00:00:00','0000-00-00 00:00:00'),('e72e91f2-4f12-44d4-a91d-729f2bad1895','f6e23fd8-0d87-464d-abbb-aa32c214785c',NULL,NULL,'637d304f-b643-48b2-ad14-c4ca0bdb3d07',NULL,NULL,'0000-00-00 00:00:00','0000-00-00 00:00:00'),('ea6011db-7ed3-4f00-aaf0-197a9aa26f27','8ef82433-7610-4384-ae47-7af614d0c396','a3bbebfb-fd29-4994-8482-0030b7502e6e',NULL,NULL,NULL,NULL,'0000-00-00 00:00:00','0000-00-00 00:00:00'),('ecbb1e9d-f912-45b7-8647-91d6c8cd0dd8','ac737992-594b-4368-bd0c-e49393b290d9','612cc9f6-3e30-43ca-a2e4-82c862ad0989',NULL,NULL,NULL,NULL,'0000-00-00 00:00:00','0000-00-00 00:00:00'),('edde43a7-513a-4dba-92ba-d4a86c964049','e41e8dce-7456-4532-b2e7-f0fd0ae77ec7',NULL,NULL,'812906ea-c7cc-44c4-aa36-949f90e0bc28',NULL,NULL,'0000-00-00 00:00:00','0000-00-00 00:00:00'),('ee7a40c9-aa4b-4be3-84b6-c9669468c4d1','0c20e687-528c-48ce-a4c8-af221fa806d5',NULL,NULL,'637d304f-b643-48b2-ad14-c4ca0bdb3d07',NULL,NULL,'0000-00-00 00:00:00','0000-00-00 00:00:00'),('eecc67d1-7c1e-4a3b-862e-ccc54fca80fc','89ab55a0-7bfb-41a8-9c03-49d8d1376dc2','60c33e83-b31c-4f75-aaec-442d40f111b5',NULL,NULL,NULL,NULL,'0000-00-00 00:00:00','0000-00-00 00:00:00'),('f4048f35-e5e5-48ae-bf37-edfe18147431','643a1bb1-cf21-4aff-8eab-33385137d807',NULL,NULL,NULL,'71ea3017-ec2f-469d-81a9-deaa95671ce1',NULL,'0000-00-00 00:00:00','0000-00-00 00:00:00'),('f4c7e4ca-0acf-40a2-afcd-d4e73fde9c1e','4f7ab0f5-d6cb-4911-b73c-c6f16733ca42',NULL,'7800bc0b-d545-4cc2-81e0-bb5f2eb0b3be',NULL,NULL,NULL,'0000-00-00 00:00:00','0000-00-00 00:00:00'),('f6698df8-c6e6-4f71-82e7-608ee7da5591','0268441e-bfa1-4997-b679-fe24deb2d9a7',NULL,NULL,'812906ea-c7cc-44c4-aa36-949f90e0bc28',NULL,NULL,'0000-00-00 00:00:00','0000-00-00 00:00:00'),('f7df8db2-57b0-4314-9d64-d1eea6daf0ee','4c9657b3-205c-4ce2-87c5-d46a17e7a626',NULL,NULL,NULL,'407a370f-980d-436e-ac8c-2c12788ed739',NULL,'0000-00-00 00:00:00','0000-00-00 00:00:00'),('f936d7df-0954-433b-b8ba-00c2b9a75dc2','c4360583-cf82-488a-863b-18425a3ee5f0',NULL,NULL,NULL,'71ea3017-ec2f-469d-81a9-deaa95671ce1',NULL,'0000-00-00 00:00:00','0000-00-00 00:00:00'),('fbd10c88-6dc3-46c0-a10d-99122251c11d','78387696-e8e5-4ab9-bb3d-5db4498873eb',NULL,NULL,'637d304f-b643-48b2-ad14-c4ca0bdb3d07',NULL,NULL,'0000-00-00 00:00:00','0000-00-00 00:00:00'),('fbdcde42-0c1e-4c5f-a694-d4f6ced203d5','26d16c7f-998e-4108-8c65-414326ec6aa2',NULL,NULL,NULL,NULL,NULL,'0000-00-00 00:00:00','0000-00-00 00:00:00'),('fc8ce1f4-a17d-44f9-81fd-0d70599d81e1','9e5594a3-0d03-4885-975c-eea667591f3f','cf230dba-d401-4505-a6ce-5a0bd56bdac3',NULL,NULL,NULL,NULL,'0000-00-00 00:00:00','0000-00-00 00:00:00'),('fd26be53-d74b-4872-94f6-a5716694e982','0848b8ad-0ae8-4e54-8c3e-17c9331ffa01','60c33e83-b31c-4f75-aaec-442d40f111b5',NULL,NULL,NULL,NULL,'0000-00-00 00:00:00','0000-00-00 00:00:00'),('fd768144-d2ee-48c8-9d01-b756de6d57bd','ffd42d06-8784-4a28-ac07-386d4c3c8d7e',NULL,NULL,'637d304f-b643-48b2-ad14-c4ca0bdb3d07',NULL,NULL,'0000-00-00 00:00:00','0000-00-00 00:00:00'),('fd76cc6c-2623-454d-977f-66cb73974849','629f07dc-c180-4572-b50a-66d76aa15ffa',NULL,NULL,'63aa2ce6-6b9e-484f-9ee6-64499458543b',NULL,NULL,'0000-00-00 00:00:00','0000-00-00 00:00:00'),('fdeda8d6-c716-4983-863b-326e6727a8ed','36a8ce99-f19e-4a58-aad3-aedaabdef074',NULL,NULL,'637d304f-b643-48b2-ad14-c4ca0bdb3d07',NULL,NULL,'0000-00-00 00:00:00','0000-00-00 00:00:00'),('fdeeecfe-ee3c-4d50-8271-b6af4ee1856e','60b7ffbd-a874-4e86-a53b-2846c45b7049',NULL,NULL,NULL,NULL,'5c01d502-363c-429e-9177-f2f99bbae70a','0000-00-00 00:00:00','0000-00-00 00:00:00'),('ff7547c0-5ea6-4d7e-929c-3d7b04a72287','6e590b97-c312-4726-b479-186166ecc130','cf230dba-d401-4505-a6ce-5a0bd56bdac3',NULL,NULL,NULL,NULL,'0000-00-00 00:00:00','0000-00-00 00:00:00');
/*!40000 ALTER TABLE `parameter_attributions` ENABLE KEYS */;
UNLOCK TABLES;

--
-- Table structure for table `parameters`
--

DROP TABLE IF EXISTS `parameters`;
/*!40101 SET @saved_cs_client     = @@character_set_client */;
/*!40101 SET character_set_client = utf8 */;
CREATE TABLE `parameters` (
  `id` char(36) COLLATE utf8_unicode_ci NOT NULL,
  `name` varchar(255) COLLATE utf8_unicode_ci NOT NULL,
  `type` varchar(255) COLLATE utf8_unicode_ci NOT NULL,
  `widget` varchar(255) COLLATE utf8_unicode_ci DEFAULT NULL,
  `description` varchar(255) COLLATE utf8_unicode_ci DEFAULT NULL,
  `value` varchar(255) COLLATE utf8_unicode_ci DEFAULT NULL,
  `units` varchar(255) COLLATE utf8_unicode_ci DEFAULT NULL,
  `priority` char(36) COLLATE utf8_unicode_ci DEFAULT NULL,
  PRIMARY KEY (`id`)
) ENGINE=InnoDB DEFAULT CHARSET=utf8 COLLATE=utf8_unicode_ci;
/*!40101 SET character_set_client = @saved_cs_client */;

--
-- Dumping data for table `parameters`
--

LOCK TABLES `parameters` WRITE;
/*!40000 ALTER TABLE `parameters` DISABLE KEYS */;
INSERT INTO `parameters` VALUES ('00384b61-3f7e-4295-8b1d-ec160d90e147','NEEDLE_SHAFT_LENGTH','float','textbox',NULL,'B',NULL,NULL),('00b9be03-c726-4f94-85f7-161024fc8805','NEEDLE_LENGTH','float','textbox',NULL,'200',NULL,NULL),('01e78960-a4a7-4204-8b92-811d55ecec64','CONSTANT_INITIAL_CELLS_ALIVE','',NULL,'initial cells alive','0.99','-',NULL),('0268441e-bfa1-4997-b679-fe24deb2d9a7','SETTING_FINAL_TIMESTEP','',NULL,NULL,NULL,NULL,NULL),('0368c849-3a32-45a4-92cf-4afdf25072ea','INITIAL_POWER','float',NULL,NULL,NULL,NULL,NULL),('042fea19-c1e2-409e-b0cd-8c03f599fbe4','CONSTANT_THERMAL_CONDUCTIVITY_TISSUE','',NULL,'thermal conductivity (tissue)','0.302','W/m K',NULL),('043b3de5-bb80-4b4b-a702-dba3ac81a115','NEEDLE_EXTENSION','float','textbox',NULL,'2',NULL,NULL),('05b81ce0-0281-4c56-9094-b6079d8be1ef','CONSTANT_IRE_NONLINEAR_ITERATIONS','',NULL,'IRE nonlinear iterations','1',NULL,NULL),('06411a7a-df80-436b-b504-27456ec89647','CONSTANT_DENSITY','',NULL,NULL,NULL,NULL,NULL),('0690b58d-022e-4fec-b2ee-cb87f1291d01','CONSTANT_VENOUS_HEAT_TRANSFER_COEFFICIENT','',NULL,NULL,NULL,NULL,NULL),('07cf38e3-a1e7-4828-a3e5-1149a5774327','CONSTANT_MW_RELATIVE_PERMITTIVITY_CATHETER','',NULL,'MW relative permittivity (catheter)','2.60',NULL,NULL),('0848b8ad-0ae8-4e54-8c3e-17c9331ffa01','NEEDLE_MAX_EXTENSION','float','textbox',NULL,'5',NULL,NULL),('0945024f-a9b3-4b07-9b65-f12ab4cb517f','CONSTANT_PERFUSION_RATE','',NULL,'perfusion rate','0.003500','1/s',NULL),('097e9198-4a7a-4a22-aa4a-d0708fd765a7','NEEDLE_CHOKE','boolean','select',NULL,'true',NULL,NULL),('09dd2a55-b894-4e8b-b3ca-31d96c6d5062','CONSTANT_EXPONENTIAL_RATE','',NULL,'exponential rate','40.5','K',NULL),('0af8c1ef-1b4d-419b-bb70-6e87262c10a2','NEEDLE_MAX_POWER_OUTPUT','float','textbox',NULL,'90',NULL,NULL),('0b1de818-3459-4cd5-9c6f-fd076ff2539f','CONSTANT_BODY_TEMPERATURE','',NULL,NULL,NULL,NULL,NULL),('0b24cbb0-ffc6-4f74-9ace-0d7f43f9a6a9','NEEDLE_EXTENSION','float','textbox',NULL,'3',NULL,NULL),('0c20e687-528c-48ce-a4c8-af221fa806d5','CONSTANT_IRE_ELECTRIC_CONDUCTIVITY_THRESHOLD_LOWER_TUMOUR','',NULL,'IRE electric conductivity threshold (lower) (tumour)','40000','J',NULL),('0ebb8a44-aac5-4bbe-a7cc-ab0d5c1a33d5','CONSTANT_PERFUSION_DENSITY','',NULL,NULL,NULL,NULL,NULL),('0ec6cf5a-c48a-4034-a016-788fbe333d3f','NEEDLE_LENGTH','float','textbox',NULL,'150',NULL,NULL),('12255edd-7cf2-4d5e-baaa-d0ac8fa533ae','NEEDLE_RING_WIDTH','float','select',NULL,'5','mm',NULL),('12dc8dc1-0b87-49f4-afbf-2497dfb8578c','NEEDLE_COAXIAL_CABLE_LENGTH','float','textbox',NULL,'2.5',NULL,NULL),('14bb9367-882d-4ae5-958f-5a485457fb6d','NEEDLE_GAUGE','float','textbox',NULL,'11',NULL,NULL),('1624d2bd-170b-44cb-8331-4e35e7bb99fd','CONSTANT_INITIAL_CELLS_DEAD','',NULL,'initial cells dead','0.0','-',NULL),('174fdbf5-03ec-425b-af5d-d45ff27c7990','NEEDLE_FREEZING_TEMPERATURE','float','textbox',NULL,'143',NULL,NULL),('17922e3f-6de0-4408-b6e4-c5bf56433451','CONSTANT_INITIAL_CELLS_ALIVE','',NULL,'initial cells alive','0.99','-',NULL),('17928b31-fbe1-4056-bf77-36cfa371c9be','CONSTANT_THERMAL_CONDUCTIVITY_TUMOUR','',NULL,NULL,NULL,NULL,NULL),('17ae2a0a-aa6a-4988-a67b-eba5bd6322f3','NEEDLE_RING_WIDTH','float','select',NULL,'5','mm',NULL),('18359990-b625-453c-9899-82d0d2444f9e','CONSTANT_RF_CONDUCTIVITY_TISSUE','',NULL,'RF conductivity (tissue)','0.122','S/m',NULL),('18ba612b-1ff7-49a0-9543-5bc0d64592e1','INITIAL_POWER','float',NULL,NULL,NULL,NULL,NULL),('1955d933-6ff3-4fae-9038-bb1f20b797b9','NEEDLE_FREEZING_TEMPERATURE','float','textbox',NULL,'b',NULL,NULL),('1a3823e5-2b4f-4449-9a71-9ca562e08d07','CONSTANT_PERFUSION_DENSITY','',NULL,'perfusion density','1060.0','?',NULL),('1be4e5e5-4ad7-4fb3-b60a-46fe2b447dee','NEEDLE_MAX_POWER_OUTPUT','float','textbox',NULL,'90',NULL,NULL),('1c07a692-7d46-4150-9776-651b9e2bbea6','NEEDLE_ACTIVE_THAWING_TEMPERATURE','float','textbox',NULL,'z',NULL,NULL),('1c51020c-19ff-43a2-8b47-f1262921e3f4','CENTRE_LOCATION','string','textbox',NULL,'first-needle',NULL,NULL),('1cdcd2b7-fb30-447c-926f-d27358acd78a','NEEDLE_SHAFT_LENGTH','float','textbox',NULL,'y',NULL,NULL),('1d6b248e-22cc-4ee4-8cc3-7b8d16c59f12','GENERATOR_WATTAGE','float','textbox',NULL,'200',NULL,NULL),('20712647-8c6c-4262-9903-43cb66b249b6','CONSTANT_PERFUSION_DENSITY','',NULL,'perfusion density','1060.0','?',NULL),('20c0bf51-f907-4ecd-9445-a77d91430c04','NEEDLE_SHAFT_LENGTH','float','textbox',NULL,'y',NULL,NULL),('20da5513-3582-4385-bc15-f3a4fa709290','CONSTANT_EXPONENTIAL_RATE','',NULL,'exponential rate','40.5','K',NULL),('228ff6e1-4a8c-401b-89a0-67c6d9a90d9f','CONSTANT_VENOUS_HEAT_TRANSFER_COEFFICIENT','',NULL,'venous heat transfer coefficient','230','W/m^2 K',NULL),('22d69533-7adc-4070-a583-17a49ffbd79c','INITIAL_POWER','float','textbox',NULL,'200',NULL,NULL),('22ddb50d-0559-4a5f-a04e-f271d49582cb','CONSTANT_IRE_ELECTRIC_CONDUCTIVITY_LOWER_VESSELS','',NULL,'IRE electric conductivity (lower) (vessels)','0.7','S/m',NULL),('2348a63d-f132-4ffe-b498-73b3284a4caa','CONSTANT_MW_ELECTRIC_CONDUCTIVITY_CATHETER','',NULL,'MW electric conductivity (catheter)','0',NULL,NULL),('2372f10d-6794-4d2e-a1a9-33298f84af97','INITIAL_POWER','float',NULL,NULL,NULL,NULL,NULL),('23ed960a-5918-4290-8f22-af8b7ddef80b','NEEDLE_GAUGE','float','textbox',NULL,'11',NULL,NULL),('24c1b4f0-035d-4050-9d1d-9a3c7c4cb875','CONSTANT_RF_CONDUCTIVITY_TUMOUR','',NULL,'RF conductivity (tumour)','0.4','S/m',NULL),('257a1aad-239a-4258-955b-61006e828c8d','CONSTANT_THERMAL_CONDUCTIVITY_TUMOUR','',NULL,'thermal conductivity (tumour)','0.5','W/m K',NULL),('267d0903-2041-4750-a342-5b85a127fb8e','NEEDLE_EXTENSION','float','textbox',NULL,'3',NULL,NULL),('26928ba3-1b9c-4e61-b483-83b305fbce0d','NEEDLE_CHOKE','boolean','select',NULL,'true',NULL,NULL),('26d16c7f-998e-4108-8c65-414326ec6aa2','SETTING_TIMESTEP_SIZE','float','textbox',NULL,'4',NULL,NULL),('276cb1ff-ac72-4118-8edd-61e8f5ad3f59','NEEDLE_COOLING','boolean','textbox',NULL,'true',NULL,NULL),('29fe58d8-f9bb-4dc9-ab3d-44e1584f66e4','NEEDLE_PASSING_THAWING_HEAT_FLUX','float','textbox',NULL,'0',NULL,NULL),('2b6c98e7-5348-4146-b6e9-c12637afb821','CONSTANT_IRE_RELATIVE_PERMITTIVITY_BACKGROUND','',NULL,'IRE relative permittivity (background)','1.0','F/m',NULL),('2d1b805d-e3b9-4f96-9d06-ac1b75f6c947','NEEDLE_MAX_EXTENSION','float',NULL,NULL,NULL,NULL,NULL),('2dc2f19c-9576-428c-85b2-18cc0c3a5e3a','NEEDLE_RING_WIDTH','float','select',NULL,'5','mm',NULL),('2efa885b-71e9-4550-91fa-43fdaa26ea15','CONSTANT_PERFUSION_HEAT_CAPACITY','',NULL,'perfusion heat capacity','3639.0','?',NULL),('2f3ba9c3-bd3f-4722-a53b-7d05dcc39cbc','NEEDLE_GAUGE','float','textbox',NULL,'14',NULL,NULL),('31ba605d-b934-44a5-b92c-52a0515a9e64','CONSTANT_SPECIFIC_HEAT_CAPACITY_BLOOD','',NULL,'specific heat capacity (blood)','3617','J/kg K',NULL),('32760baa-6c2a-4d36-9671-fa3b665848a9','NEEDLE_RING_WIDTH','float','select',NULL,'5','mm',NULL),('36a8ce99-f19e-4a58-aad3-aedaabdef074','CONSTANT_IRE_RELATIVE_PERMITTIVITY_TISSUE','',NULL,'IRE relative permittivity (tissue)','1.0','F/m',NULL),('36adc39e-6adc-4214-817f-1f561297538b','NEEDLE_GAUGE','float','textbox',NULL,'x',NULL,NULL),('36cf0f61-aba9-4907-b76b-47e9335c635d','CONSTANT_VENOUS_HEAT_TRANSFER_COEFFICIENT','',NULL,'venous heat transfer coefficient','230','W/m^2 K',NULL),('372762a8-ddb8-4b78-8229-5a8cb0a586e4','CONSTANT_IRE_ELECTRIC_CONDUCTIVITY_UPPER_TISSUE','',NULL,'IRE electric conductivity (upper) (tissue)','0.32','S/m',NULL),('382645a5-97c2-4b47-952a-a7afa640c8d5','NEEDLE_COAXIAL_CABLE_LENGTH','float','textbox',NULL,'1.5',NULL,NULL),('397aa0da-8d63-48ea-b715-6c2d6b70bdd8','BODY_TEMPERATURE','float','textbox',NULL,'37.0',NULL,NULL),('3ad090b8-3576-4fbf-b529-d706cfc7417d','CONSTANT_WALL_PRESSURE_FLUX','',NULL,'wall pressure flux','0.0','?',NULL),('3af39579-91bd-48c2-8c9e-11c1911b9365','CONSTANT_INPUT_FREQUENCY','',NULL,'input frequency','2450000000','Hz',NULL),('3cb83e7a-0d31-4201-a493-882ad0a585e3','CONSTANT_IRE_SEQUENCE_COUNT','',NULL,'IRE sequence count','9',NULL,NULL),('3dfa4c61-5856-4d29-a80f-2f531c8c3002','NEEDLE_COAXIAL_CABLE_LENGTH','float','textbox',NULL,'2.5',NULL,NULL),('3f555fd5-5050-4efb-8524-89968af50af0','CONSTANT_BODY_TEMPERATURE','',NULL,'body temperature','310.0','K',NULL),('40f941fc-c8de-4bfd-ac84-38c895fa2e8c','NEEDLE_LENGTH','float','textbox',NULL,'200',NULL,NULL),('4113b5ac-d56c-42ce-9755-88aedf95a304','BODY_TEMPERATURE','float','textbox',NULL,NULL,NULL,NULL),('41bfe5a4-280d-4e1c-8530-c2bef6133a21','CONSTANT_MW_RELATIVE_PERMITTIVITY_AIR','',NULL,'MW relative permittivity (air)','1',NULL,NULL),('41e697f6-835b-4cbc-96a8-f48ca87767dd','NEEDLE_CHOKE','boolean','select',NULL,'true',NULL,NULL),('41fa812c-696c-4e04-be45-d0376eecdd91','CONSTANT_MW_RELATIVE_PERMITTIVITY_DIELECTRIC_CABLE','',NULL,'MW relative permittivity (dielectric cable)','2.03',NULL,NULL),('436d8165-b6a8-4d40-b7a9-e0bcf70175ce','NEEDLE_ACTIVE_REGION','float','textbox',NULL,'20','mm',NULL),('43a13483-d9b8-483a-9c51-d94ce48815ff','INPUT_POWER','',NULL,NULL,NULL,NULL,NULL),('44134c08-1851-493f-ae6c-d33378a49115','NEEDLE_LENGTH','float','textbox',NULL,'270',NULL,NULL),('44eb17d5-7b06-4108-8288-03ec2cc70bcd','BODY_TEMPERATURE','float','textbox',NULL,NULL,NULL,NULL),('4574a85e-a3fd-4896-9487-c54b92dc9d6f','NEEDLE_ACTIVE_REGION','float','textbox',NULL,'20','mm',NULL),('459daa70-ff3d-4e2a-b0d5-709caa2fe032','CONSTANT_MW_EFFECTIVE_ELECTRIC_CONDUCTIVITY_TISSUE','',NULL,'MW effective electric conductivity (tissue)','1.69',NULL,NULL),('45ee9ec6-222e-4cd5-8b06-eef4d33ba28e','CONSTANT_MW_RELATIVE_PERMITTIVITY_DIELECTRIC_CABLE','',NULL,'MW relative permittivity (dielectric cable)','2.03',NULL,NULL),('466c3cdf-739e-49e4-beb4-cffbcfcf4685','CONSTANT_PERFUSION_DENSITY','',NULL,'perfusion density','1060.0','?',NULL),('4746ccb5-b22f-44f1-b56b-4fde6b2a1e16','CONSTANT_IRE_RELATIVE_PERMITTIVITY_VESSELS','',NULL,'IRE relative permittivity (vessels)','1.0','F/m',NULL),('488a7ced-9ba8-40b9-b9f8-55914bcb8480','ALGORITHM_NEEDLE_EXTENSION','float',NULL,NULL,NULL,NULL,NULL),('48f967ed-3e57-425b-8078-f9c9b9525df9','CONSTANT_INITIAL_CELLS_DEAD','',NULL,NULL,NULL,NULL,NULL),('49388f19-2a7e-483b-b617-cf498efdfa33','ALGORITHM_NEEDLE_EXTENSION','float',NULL,NULL,NULL,NULL,NULL),('498ecf76-5e21-4383-866f-7b36da85ebdc','CATHODE_SEQUENCE','integer','needle-sequence[9]',NULL,NULL,NULL,NULL),('499ca6d8-a63b-4f11-8e3f-1e5cf151492b','GENERATOR_MAX_WATT_CW','float','textbox',NULL,'140','W',NULL),('4c9657b3-205c-4ce2-87c5-d46a17e7a626','CONSTANT_WALL_PRESSURE_FLUX','',NULL,'wall pressure flux','0.0','?',NULL),('4d0f179e-3031-45b4-b692-8f3b01b6a235','CONSTANT_RF_CONDUCTIVITY_TUMOUR','',NULL,'RF conductivity (tumour)','0.4','S/m',NULL),('4e65b24a-4e90-4e3c-b0c6-d1c985246566','CONSTANT_PERFUSION_HEAT_CAPACITY','',NULL,'perfusion heat capacity','3639.0','?',NULL),('4f7ab0f5-d6cb-4911-b73c-c6f16733ca42','INITIAL_POWER','float','textbox',NULL,'250',NULL,NULL),('50b74899-e197-472c-8462-96ffa749027f','CONSTANT_VENOUS_HEAT_TRANSFER_COEFFICIENT','',NULL,'venous heat transfer coefficient','230','W/m^2 K',NULL),('515e5406-2bd1-45f6-9abb-8af93bcb16e9','NEEDLE_MAX_POWER_OUTPUT','float','textbox',NULL,'90',NULL,NULL),('5348be40-8e61-4a56-8812-e66ef78814b3','BODY_TEMPERATURE','float','textbox',NULL,NULL,NULL,NULL),('5572cc14-84f5-48e2-9c82-ccb21256f954','CONSTANT_SPECIFIC_HEAT_CAPACITY_TUMOUR','',NULL,NULL,NULL,NULL,NULL),('55de5bac-e87e-476f-bd64-c6d0dd02dbb5','CONSTANT_RF_CONDUCTIVITY_TISSUE','',NULL,'RF conductivity (tissue)','0.226','S/m',NULL),('5600f826-e2c5-4100-b0fa-6df7c291cbc6','CONSTANT_MW_RELATIVE_PERMITTIVITY_CATHETER','',NULL,'MW relative permittivity (catheter)','2.60',NULL,NULL),('561fae34-ceca-4ea1-820e-e4670bc8546e','CONSTANT_DENSITY','',NULL,'density','1050','kg/m^3',NULL),('56c9497a-8311-41f4-971e-3062f32d33f0','CONSTANT_DENSITY','',NULL,'density','1066','kg/m^3',NULL),('57167bcf-e431-4344-a031-f8552022666c','CONSTANT_FORWARD_RATE','',NULL,NULL,NULL,NULL,NULL),('574737c1-9d14-44e1-979b-c59cd7f78caf','BODY_TEMPERATURE','float','textbox',NULL,'37.0',NULL,NULL),('58f2456a-b1b8-4cba-87c4-e7428a0597c4','CONSTANT_INPUT_FREQUENCY','',NULL,'input frequency','2450000000','Hz',NULL),('5c7c9caa-f170-4a58-a8fd-1c02a3d2cb84','NEEDLE_CHOKE','boolean','select',NULL,'true',NULL,NULL),('5cb4de08-a71b-4339-809a-8f4375a9baf8','CONSTANT_SPECIFIC_HEAT_CAPACITY_TISSUE','',NULL,'specific heat capacity (tissue)','3540','J/kg K',NULL),('5fe58e94-c820-4637-a167-c63639ff5320','NEEDLE_RING_WIDTH','float','select',NULL,'5','mm',NULL),('608a0167-f5a2-42d6-a6f1-0447373e0756','CONSTANT_FORWARD_RATE','',NULL,'forward rate','0.00333','-',NULL),('60b7ffbd-a874-4e86-a53b-2846c45b7049','NEEDLE_MAX_EXTENSION','float',NULL,NULL,NULL,NULL,NULL),('6291a981-9cde-4181-ad31-c33ccd366946','NEEDLE_COAXIAL_CABLE_LENGTH','float','textbox',NULL,'2.5',NULL,NULL),('629f07dc-c180-4572-b50a-66d76aa15ffa','CONSTANT_MW_ELECTRIC_CONDUCTIVITY_AIR','',NULL,'MW electric conductivity (air)','0',NULL,NULL),('643a1bb1-cf21-4aff-8eab-33385137d807','CONSTANT_RF_CONDUCTIVITY_BLOOD','',NULL,'RF conductivity (blood)','0.122','S/m',NULL),('67001b61-3b5b-44cc-ab20-01a11f285c31','CONSTANT_THERMAL_CONDUCTIVITY_TUMOUR','',NULL,'thermal conductivity (tumour)','0.5','W/m K',NULL),('68a4ae9e-5e54-450d-bb3a-d72ef9ca792d','BODY_TEMPERATURE','float','textbox',NULL,NULL,NULL,NULL),('68e6a505-b1e3-4898-b30f-b2d90f7c7e67','CONSTANT_MW_RELATIVE_PERMEABILITY_TISSUE','',NULL,'MW relative permeability (tissue)','1',NULL,NULL),('691cca7f-976f-4df1-b665-616633f94f36','CONSTANT_IRE_ELECTRIC_CONDUCTIVITY_LOWER_TISSUE','',NULL,'IRE electric conductivity (lower) (tissue)','0.08','S/m',NULL),('69a070f6-981f-4d1a-9a77-34e9147abb29','CONSTANT_WALL_PRESSURE_FLUX','',NULL,'wall pressure flux','0.0','?',NULL),('6a813028-1d59-40db-8702-1f4de68d86f5','MAX_POWER','float','textbox',NULL,'200',NULL,NULL),('6b253dcf-0700-47a5-8647-a0501775ca45','GENERATOR_FREQUENCY','float','textbox',NULL,'2450','MHz',NULL),('6bb6168e-0986-4085-98a0-48d52a89a9db','NEEDLE_ACTIVE_REGION','float','textbox',NULL,'20','mm',NULL),('6c4fb14d-3a26-4b50-bdd6-bb732a394d31','NEEDLE_MAX_POWER_OUTPUT','float','textbox',NULL,'90',NULL,NULL),('6cb070f8-dde4-42b5-850f-e9688235e7b3','INPUT_POWER','float',NULL,NULL,NULL,NULL,NULL),('6cf7e6b3-7476-4b93-83d3-0df10ae620be','INPUT_POWER','float',NULL,NULL,NULL,NULL,NULL),('6e590b97-c312-4726-b479-186166ecc130','NEEDLE_COOLING','boolean','textbox',NULL,'true',NULL,NULL),('700fec40-01ee-455c-afe2-50cff44c78ff','NEEDLE_ACTIVE_REGION','float','textbox',NULL,'20','mm',NULL),('7038dbaf-3bd3-4540-96dc-d9f1fce0cb27','NEEDLE_COAXIAL_CABLE_LENGTH','float','textbox',NULL,'2.5',NULL,NULL),('7142396c-13ff-4045-a6fd-8143e0d45730','CONSTANT_MW_ELECTRIC_CONDUCTIVITY_AIR','',NULL,'MW electric conductivity (air)','0',NULL,NULL),('718fb1bb-d3b7-41dd-9ba8-8541e4be4af1','NEEDLE_LENGTH','float','textbox',NULL,'270',NULL,NULL),('71ae63ed-3cc2-4330-af3e-b9cc09e37001','NEEDLE_MIN_EXTENSION','float','textbox',NULL,'2',NULL,NULL),('7239a35c-a9cd-44dc-b91a-cf7298fe0c02','NEEDLE_COAXIAL_CABLE_LENGTH','float','textbox',NULL,'2.5',NULL,NULL),('724a896e-b3f6-4ded-aa76-466c594018cf','NEEDLE_COOLING','boolean','textbox',NULL,'true',NULL,NULL),('7269f0e0-3013-4dfa-a935-1ebdaf9aad07','CONSTANT_FORWARD_RATE','',NULL,'forward rate','0.00333','-',NULL),('73090ebb-a808-492e-9aae-3ef982f2b790','NEEDLE_LENGTH','float','textbox',NULL,'150',NULL,NULL),('73613fdc-857e-43ba-aefe-89d7ce82fa84','SETTING_TIMESTEP_SIZE','',NULL,NULL,NULL,NULL,NULL),('74a3ee8d-cf6f-4447-878a-e3a138f1ef10','CONSTANT_IRE_RELATIVE_PERMITTIVITY_NEEDLE','',NULL,'IRE relative permittivity (needle)','1.0','F/m',NULL),('74c38021-4d72-4c48-8df1-0a67cf9b7627','NEEDLE_LENGTH','float','textbox',NULL,'200',NULL,NULL),('75f7427b-fd6d-407f-ba94-9c68c9ae3d16','CONSTANT_PERFUSION_RATE','',NULL,NULL,NULL,NULL,NULL),('78387696-e8e5-4ab9-bb3d-5db4498873eb','CONSTANT_IRE_CATHODE_SEQUENCE','',NULL,'IRE cathode sequence','5 6 5 6 5 6 5 6 6',NULL,NULL),('78482cd8-dfdf-4c79-9b08-681f8e8273e6','INPUT_POWER','float',NULL,NULL,NULL,NULL,NULL),('7a347d82-fb3a-44aa-a8c0-959d8bbf5ccf','CONSTANT_IRE_ELECTRIC_CONDUCTIVITY_UPPER_VESSELS','',NULL,'IRE electric conductivity (upper) (vessels)','1.5','S/m',NULL),('7a57d43e-17c3-4d9c-95c3-73727aa12895','CONSTANT_IRE_ELECTRIC_CONDUCTIVITY_UPPER_TUMOUR','',NULL,'IRE electric conductivity (upper) (tumour)','0.7','S/m',NULL),('7c5333a9-dc35-4c12-abcd-1b1f610e2aa3','CONSTANT_THERMAL_CONDUCTIVITY_TISSUE','',NULL,'thermal conductivity (tissue)','0.302','W/m K',NULL),('7d0ecdc7-9fd0-4782-a746-f049fd86cf61','NEEDLE_CHOKE','boolean','select',NULL,'true',NULL,NULL),('7d5a1076-7b4d-490d-932d-7fc16fb7e0d6','NEEDLE_CHOKE','boolean','select',NULL,'true',NULL,NULL),('7f44e6dc-665e-46ca-a856-b4d25885d7a2','INPUT_POWER','float',NULL,NULL,NULL,NULL,NULL),('7f736839-86cb-4a50-b0df-ff983c0a4741','NEEDLE_GAUGE','float','textbox',NULL,'14',NULL,NULL),('8255371c-58c1-435d-9a5f-ff313aeff361','CONSTANT_BRONCHI_HEAT_TRANSFER_COEFFICIENT','',NULL,'bronchi heat transfer coefficient','0','W/m^2 K',NULL),('82588215-397a-42e5-8400-14365922b079','ANODE_SEQUENCE','integer','needle-sequence[9]',NULL,NULL,NULL,NULL),('82589a02-2995-4b1d-880b-54859a9ff62c','NEEDLE_RING_WIDTH','float','select',NULL,'5','mm',NULL),('83875da6-443e-4375-8c6f-5b1663ac79b3','CONSTANT_INITIAL_CELLS_DEAD','',NULL,'initial cells dead','0.0','-',NULL),('83cb3ca3-770b-4cc3-a233-05b6cf100fd5','NEEDLE_MAX_POWER_OUTPUT','float','textbox',NULL,'90',NULL,NULL),('8581c6a3-0787-4fe8-b126-99df39d345ca','CONSTANT_IRE_ELECTRIC_CONDUCTIVITY_THRESHOLD_LOWER_BACKGROUND','',NULL,'IRE electric conductivity threshold (lower) (background)','10000','J',NULL),('86d4754a-e163-4d33-8385-010dff9d440b','NEEDLE_GAUGE','float','textbox',NULL,'14',NULL,NULL),('86e9f08a-b4a4-42e6-b1fd-d8290cfedc82','NEEDLE_PASSING_THAWING_HEAT_FLUX','float','textbox',NULL,'0',NULL,NULL),('87f0cd3f-6a28-49d5-9aac-5999197f6d0d','CONSTANT_INITIAL_CELLS_DEAD','',NULL,'initial cells dead','0.0','-',NULL),('89ab55a0-7bfb-41a8-9c03-49d8d1376dc2','NEEDLE_MIN_EXTENSION','float','textbox',NULL,'2',NULL,NULL),('89bdbd0d-e5a0-4e08-8326-37fb80c8976d','CONSTANT_PERFUSION_REFERENCE_TEMPERATURE','',NULL,'perfusion reference temperature','310.0','?',NULL),('89ebf968-17fe-4e6a-960d-49c58ba54d63','CONSTANT_PERFUSION_RATE','',NULL,'perfusion rate','0.004','1/s',NULL),('8a8ea3a7-c519-421d-9b9d-1588462f2116','INITIAL_POWER','float',NULL,NULL,NULL,NULL,NULL),('8b952460-9e99-490b-af51-8b5b82517d0a','NEEDLE_COAXIAL_CABLE_LENGTH','float','textbox',NULL,'1.5',NULL,NULL),('8c1e61c5-25bb-4239-94df-ab3a380bf5aa','CONSTANT_RF_CONDUCTIVITY_BLOOD','',NULL,'RF conductivity (blood)','0.122','S/m',NULL),('8c2d98d6-7bec-4887-ae28-07afc03f5fa0','CONSTANT_IRE_ELECTRIC_CONDUCTIVITY_THRESHOLD_UPPER_TUMOUR','',NULL,'IRE electric conductivity threshold (upper) (tumour)','80000','J',NULL),('8cea951a-525e-4bfe-b102-a2bddcc3b394','CONSTANT_PERFUSION_REFERENCE_TEMPERATURE','',NULL,'perfusion reference temperature','310.0','?',NULL),('8dcaa015-725c-415a-a97d-3c9eb8fe9fd3','SIMULATION_SCALING','float','textbox',NULL,'0.001',NULL,NULL),('8ebd94d3-84c6-4dab-9184-b43c3d07d17f','NEEDLE_SHAFT_LENGTH','float','textbox',NULL,'y',NULL,NULL),('8ef82433-7610-4384-ae47-7af614d0c396','NEEDLE_GAUGE','float','textbox',NULL,'x',NULL,NULL),('8f43ef22-29d7-4a12-8ce4-066f71b4fdf2','NEEDLE_RING_WIDTH','float','select',NULL,'5','mm',NULL),('8f7b1b2f-88c8-4b92-aa2b-0c61c0de674e','NEEDLE_GAUGE','float','textbox',NULL,'x',NULL,NULL),('9153fa7b-0997-43b7-ac55-e5dffb729730','CONSTANT_MW_RELATIVE_PERMEABILITY_CATHETER','',NULL,'MW relative permeability (catheter)','1',NULL,NULL),('9205deff-19f7-4335-b07a-63e98767aade','NEEDLE_COOLING','boolean','textbox',NULL,'true',NULL,NULL),('922975cb-7023-45c3-aca6-ca30c7b24f54','GENERATOR_WATTAGE','float','textbox',NULL,'250',NULL,NULL),('939094ab-a2fa-4e53-a487-59e33a727b79','CONSTANT_MW_RELATIVE_PERMEABILITY_CATHETER','',NULL,'MW relative permeability (catheter)','1',NULL,NULL),('94c077bf-5119-4093-ba9b-4b6ccaff956d','NEEDLE_MAX_POWER_OUTPUT','float','textbox',NULL,'105',NULL,NULL),('94eee7ea-bf62-4eae-b7c7-8af6b6e9b5cf','NEEDLE_COOLING','boolean','textbox',NULL,'true',NULL,NULL),('953b5585-6140-44da-b3ce-c24044f3b2a1','NEEDLE_ACTIVE_THAWING_TEMPERATURE','float','textbox',NULL,'z',NULL,NULL),('9750617a-497e-4498-a420-5093a64744a2','CONSTANT_THERMAL_CONDUCTIVITY_TISSUE','',NULL,'thermal conductivity (tissue)','0.39','W/m K',NULL),('97532b98-a445-46c6-accf-b2994f25b9e5','CONSTANT_MW_RELATIVE_PERMEABILITY_AIR','',NULL,'MW relative permeability (air)','1',NULL,NULL),('992e7e27-4fe6-491d-b1b5-6af4117709bc','CONSTANT_BRONCHI_HEAT_TRANSFER_COEFFICIENT','',NULL,NULL,NULL,NULL,NULL),('99cbc017-bf74-41c1-99ee-cdd70a371ba3','CONSTANT_BODY_TEMPERATURE','',NULL,'body temperature','310.0','K',NULL),('9c66e0a9-c8e8-4253-9c01-eb7333d3b600','ALGORITHM_NEEDLE_EXTENSION','float',NULL,NULL,NULL,NULL,NULL),('9d609719-6e75-431f-be1f-2de11f2ad4dd','NEEDLE_COAXIAL_CABLE_LENGTH','float','textbox',NULL,'1.5',NULL,NULL),('9e5594a3-0d03-4885-975c-eea667591f3f','NEEDLE_GAUGE','float','textbox',NULL,'14',NULL,NULL),('9ed75155-618e-4520-8530-46aa65c60c51','NEEDLE_CHOKE','boolean','select',NULL,'true',NULL,NULL),('9f7ac031-07b2-4eac-8d17-4bd72c28b80d','NEEDLE_COOLING','boolean','textbox',NULL,'true',NULL,NULL),('a0a24785-f063-4fee-959d-3fbc4c1f73eb','BODY_TEMPERATURE','float','textbox',NULL,'37.0',NULL,NULL),('a384be46-aac9-42fb-b616-0f2af9ebb193','CONSTANT_MW_RELATIVE_PERMITTIVITY_TISSUE','',NULL,'MW relative permittivity (tissue)','43.3',NULL,NULL),('a482c401-bdbf-4539-ab27-8edf264277fc','CONSTANT_IRE_ELECTRIC_CONDUCTIVITY_NEEDLE','',NULL,'IRE electric conductivity (needle)','1','S/m',NULL),('a53052b2-9b7a-4f10-ae28-fde8f94418da','NEEDLE_ENTRY_LOCATION','array(float)','coordinate',NULL,NULL,NULL,NULL),('a551a973-b82c-42ed-b995-e9e3480f7220','SETTING_TIMESTEP_SIZE','float','textbox',NULL,'4',NULL,NULL),('a70c527c-8988-4632-8a91-51156c87e825','NEEDLE_PASSING_THAWING_HEAT_FLUX','float','textbox',NULL,'0',NULL,NULL),('a73cb9ce-1d87-480e-991e-f0c80a6496db','CONSTANT_MW_RELATIVE_PERMITTIVITY_AIR','',NULL,'MW relative permittivity (air)','1',NULL,NULL),('a7cdd703-621e-4470-87e7-9a086f6b3989','CONSTANT_MW_RELATIVE_PERMEABILITY_AIR','',NULL,'MW relative permeability (air)','1',NULL,NULL),('a8697e30-d1f0-4c27-8c60-2c4c6b1b7184','NEEDLE_COAXIAL_CABLE_LENGTH','float','textbox',NULL,'2.5',NULL,NULL),('a876c8a0-952b-4c0f-80d7-a8d80a28101e','NEEDLE_MAX_EXTENSION','float',NULL,NULL,NULL,NULL,NULL),('a8a7190b-d71e-4c7c-bb9c-2175a338401d','NEEDLE_MAX_EXTENSION','float',NULL,NULL,NULL,NULL,NULL),('a8b33274-c7af-4c73-83f3-5575f1950531','CONSTANT_PERFUSION_RATE','',NULL,'perfusion rate','0.0036','1/s',NULL),('aafc97a7-b888-482a-bfb2-0dfc267f6383','BODY_TEMPERATURE','float','textbox',NULL,NULL,NULL,NULL),('aba18339-2e62-4cb4-a989-09946ed663bc','NEEDLE_CHOKE','boolean','select',NULL,'true',NULL,NULL),('ac737992-594b-4368-bd0c-e49393b290d9','NEEDLE_GAUGE','float','textbox',NULL,'14',NULL,NULL),('acfa1363-d717-4107-98e8-20dd535652bd','NEEDLE_RING_WIDTH','float','select',NULL,'5','mm',NULL),('ad7fff46-b1ed-4d94-8650-84938a6d2f0f','CONSTANT_IRE_ELECTRIC_CONDUCTIVITY_THRESHOLD_LOWER_VESSELS','',NULL,'IRE electric conductivity threshold (lower) (vessels)','10000','J',NULL),('adc99b25-2b89-4440-a8c2-63a56730d68c','CONSTANT_SPECIFIC_HEAT_CAPACITY_TISSUE','',NULL,'specific heat capacity (tissue)','3763','J/kg K',NULL),('ae5b4e5c-f35d-4f9d-a9d3-ab56900290d8','CONSTANT_MW_RELATIVE_PERMEABILITY_DIELECTRIC_CABLE','',NULL,'MW relative permeability (dielectric cable)','1',NULL,NULL),('aecddd8a-133b-4001-bd5d-3bb96172c155','NEEDLE_FREEZING_TEMPERATURE','float','textbox',NULL,'123',NULL,NULL),('aeeea066-8ff4-49cf-b96b-0a31631c07e5','NEEDLE_GAUGE','float','textbox',NULL,'A',NULL,NULL),('af58f337-2ff5-4482-a2c5-0303052464a3','NEEDLE_MAX_EXTENSION','float','textbox',NULL,'5',NULL,NULL),('b010287c-2002-44cc-8286-b3b28567d7ae','CONSTANT_FORWARD_RATE','',NULL,'forward rate','0.00333','-',NULL),('b0331765-b703-48f5-9037-6bd7ff31ef77','NEEDLE_ACTIVE_REGION','float','textbox',NULL,'20','mm',NULL),('b0f85a4d-3b59-4424-96d5-988615917f6d','CONSTANT_BRONCHI_HEAT_TRANSFER_COEFFICIENT','',NULL,'bronchi heat transfer coefficient','0','W/m^2 K',NULL),('b177c16c-2f72-412f-9bc8-3e44d4852ab0','SETTING_TIMESTEP_SIZE','float','textbox',NULL,'4',NULL,NULL),('b54e0a19-41fd-4e73-8486-a373b7a2ae2a','NEEDLE_ACTIVE_REGION','float','textbox',NULL,'20','mm',NULL),('b57d7838-56d2-4f53-8130-8d8af3450c9a','CONSTANT_DENSITY','',NULL,'density','1079','kg/m^3',NULL),('b5ae53c0-6eb0-4cb2-a6b6-d7b649870433','CONSTANT_PERFUSION_REFERENCE_TEMPERATURE','',NULL,NULL,NULL,NULL,NULL),('b5b22406-544d-4203-9e32-07162c2b98f0','BODY_TEMPERATURE','float','textbox',NULL,'37.0',NULL,NULL),('b784fb7f-dbf8-4961-8cbe-9159b592cb78','INPUT_POWER','float','points-over-time',NULL,NULL,NULL,NULL),('b7bd7603-1cee-42c6-b6cc-2d52cdc4fad0','NEEDLE_ACTIVE_REGION','float','textbox',NULL,'20','mm',NULL),('b7e03701-f4c6-4f71-a81e-3614e7202fc7','NEEDLE_COOLING','boolean','textbox',NULL,'true',NULL,NULL),('b9520e1d-3591-4e77-ac9b-79d237d178cf','CONSTANT_IRE_ELECTRIC_CONDUCTIVITY_UPPER_BACKGROUND','',NULL,'IRE electric conductivity (upper) (background)','0.08','S/m',NULL),('ba2afac7-14ba-47cd-8a43-b05588d2737c','NEEDLE_TIP_LOCATION','array(float)','coordinate',NULL,NULL,NULL,NULL),('ba5530cb-dc6b-48ba-a1f6-fc06f6cc04c3','CONSTANT_SPECIFIC_HEAT_CAPACITY_TUMOUR','',NULL,'specific heat capacity (tumour)','3750','J/kg K',NULL),('bad09876-f7b5-452b-96ca-25e1bcfd9503','NEEDLE_EXTENSION','float','textbox',NULL,'3.5',NULL,NULL),('bb0139a3-7160-4373-83ed-6d1250b3f15d','NEEDLE_RING_WIDTH','float','select',NULL,'5','mm',NULL),('bbe83122-3531-49f9-ad05-1d5231337688','NEEDLE_MAX_POWER_OUTPUT','float','textbox',NULL,'105',NULL,NULL),('bd5cfde7-6256-4fe9-b369-96d534b40873','CONSTANT_MW_ELECTRIC_CONDUCTIVITY_DIELECTRIC_CABLE','',NULL,'MW electric conductivity (dielectric cable)','0',NULL,NULL),('be15edbd-5338-4193-8ebd-eea75ff3ca06','CONSTANT_RF_CONDUCTIVITY_BLOOD','',NULL,'RF conductivity (blood)','0.226','S/m',NULL),('be1aab96-7bee-4a49-bd61-456bf6e8a8b3','CONSTANT_IRE_ELECTRIC_CONDUCTIVITY_LOWER_BACKGROUND','',NULL,'IRE electric conductivity (lower) (background)','0.02','S/m',NULL),('be74d430-21cb-458e-be23-c6fac6f874db','NEEDLE_COAXIAL_CABLE_LENGTH','float','textbox',NULL,'2.5',NULL,NULL),('c04089c2-e548-474f-aea9-2f24368ff99e','NEEDLE_LENGTH','float','textbox',NULL,'150',NULL,NULL),('c0702f53-90cb-4918-9c8c-2a1a0eb32f4c','NEEDLE_MAX_POWER_OUTPUT','float','textbox',NULL,'105',NULL,NULL),('c1f4895c-6270-4574-803d-8435640a8f13','NEEDLE_LENGTH','float','textbox',NULL,'150',NULL,NULL),('c207f15c-6d28-4247-ba60-9266e827537b','CONSTANT_INITIAL_CELLS_ALIVE','',NULL,NULL,NULL,NULL,NULL),('c2e4a0e3-bcb1-4d06-9c0b-2c76dc0d2de6','CONSTANT_PERFUSION_HEAT_CAPACITY','',NULL,'perfusion heat capacity','3639.0','?',NULL),('c34e879a-6877-4004-958e-f62f98f8133e','CONSTANT_THERMAL_CONDUCTIVITY_TISSUE','',NULL,NULL,NULL,NULL,NULL),('c4360583-cf82-488a-863b-18425a3ee5f0','CONSTANT_RF_CONDUCTIVITY_TISSUE','',NULL,'RF conductivity (tissue)','0.122','S/m',NULL),('c4f9e312-433b-43fe-8a84-a7a991883a23','NEEDLE_CHOKE','boolean','select',NULL,'true',NULL,NULL),('c5139d84-2c52-4c8a-8593-0fa657504666','CONSTANT_IRE_ELECTRIC_CONDUCTIVITY_THRESHOLD_UPPER_BACKGROUND','',NULL,'IRE electric conductivity threshold (upper) (background)','40000','J',NULL),('c5464bd8-058f-40d0-9d50-61492713ffca','NEEDLE_ACTIVE_REGION','float','textbox',NULL,'20','mm',NULL),('c5873018-9893-4e48-9a23-fd8c85054a7a','CONSTANT_PERFUSION_HEAT_CAPACITY','',NULL,NULL,NULL,NULL,NULL),('c5aeef13-04e5-41c4-b8a1-e6832bc67910','CONSTANT_MW_RELATIVE_PERMITTIVITY_TISSUE','',NULL,'MW relative permittivity (tissue)','43.3',NULL,NULL),('c5d5a720-7374-4dab-a79e-fb7d94adc417','CONSTANT_BRONCHI_HEAT_TRANSFER_COEFFICIENT','',NULL,'bronchi heat transfer coefficient','0','W/m^2 K',NULL),('c63cf032-49d4-47dd-9557-a3e6724ab501','NEEDLE_ACTIVE_REGION','float','textbox',NULL,'20','mm',NULL),('c687f69d-eb4a-4f13-b3fa-97ab461e6954','NEEDLE_PASSING_THAWING_HEAT_FLUX','float','textbox',NULL,'0',NULL,NULL),('c6ac8e3d-c585-485a-b5a3-afc44e56af60','CONSTANT_MW_RELATIVE_PERMEABILITY_DIELECTRIC_CABLE','',NULL,'MW relative permeability (dielectric cable)','1',NULL,NULL),('c7075c17-9bd1-4361-bafe-1627d5a9a286','CONSTANT_BODY_TEMPERATURE','',NULL,'body temperature','310.0','K',NULL),('c7cc9994-3957-42b1-94c2-49eb72305a35','NEEDLE_COAXIAL_CABLE_LENGTH','float','textbox',NULL,'1.5',NULL,NULL),('c87d876e-9454-47f2-982f-08c96b752399','CONSTANT_MW_ELECTRIC_CONDUCTIVITY_CATHETER','',NULL,'MW electric conductivity (catheter)','0',NULL,NULL),('c993f476-4ba4-40fd-8a91-83d5b219a55f','CONSTANT_SPECIFIC_HEAT_CAPACITY_TUMOUR','',NULL,'specific heat capacity (tumour)','3750','J/kg K',NULL),('c9f23dd0-cbef-4c93-b3ad-fb3bef62c697','NEEDLE_MAX_EXTENSION','float','textbox',NULL,'5',NULL,NULL),('cbdccea9-88a3-4150-8ac5-dfd334eee8c6','CONSTANT_MW_ELECTRIC_CONDUCTIVITY_DIELECTRIC_CABLE','',NULL,'MW electric conductivity (dielectric cable)','0',NULL,NULL),('cdf4a845-5512-46fa-8514-4390bdb4a771','NEEDLE_COOLING','boolean','textbox',NULL,'true',NULL,NULL),('cff60876-4a71-4954-9f94-864b03ff82d1','CONSTANT_EXPONENTIAL_RATE','',NULL,'exponential rate','40.5','K',NULL),('d07f605b-796a-4e04-b924-be34448fbdb0','NEEDLE_ACTIVE_THAWING_TEMPERATURE','float','textbox',NULL,'z',NULL,NULL),('d16a8b71-6061-478b-b515-0d19d8866bba','NEEDLE_RING_WIDTH','float','select',NULL,'5','mm',NULL),('d20dacdf-52bc-4f89-b872-3efe58fd04ad','NEEDLE_CHOKE','boolean','select',NULL,'true',NULL,NULL),('d2e777f6-d936-4a75-8180-f1da828f843e','CONSTANT_IRE_RELATIVE_PERMITTIVITY_TUMOUR','',NULL,'IRE relative permittivity (tumour)','1.0','F/m',NULL),('d343e711-87b4-438d-ae98-14c46d1afdd1','CONSTANT_IRE_ELECTRIC_CONDUCTIVITY_THRESHOLD_UPPER_VESSELS','',NULL,'IRE electric conductivity threshold (upper) (vessels)','45000','J',NULL),('d3e3bf42-231c-4eec-a82a-8d9997aa232e','NEEDLE_EXTENSION','float','textbox',NULL,'2',NULL,NULL),('d55afd6d-bd55-401a-a0ce-e24bbffcf2f7','NEEDLE_COOLING','boolean','textbox',NULL,'true',NULL,NULL),('d5c0c6be-efc1-4e77-9033-9b09d6419aed','CONSTANT_SPECIFIC_HEAT_CAPACITY_BLOOD','',NULL,'specific heat capacity (blood)','3617','J/kg K',NULL),('d74e4cf0-b374-40fc-bd91-9919e96707ab','NEEDLE_EXTENSION','float','textbox',NULL,'5',NULL,NULL),('d7d6970d-84c4-4b28-bb47-1270811e0bed','NEEDLE_COOLING','boolean','textbox',NULL,'true',NULL,NULL),('d843d1b1-8d21-4e4d-8e0b-233b98e70b06','NEEDLE_MAX_POWER_OUTPUT','float',NULL,'Maximum power that can be output from this needle',NULL,NULL,NULL),('d8bd9a0d-a5a3-49d3-8856-c558feb8fac9','NEEDLE_ACTIVE_REGION','float','textbox',NULL,'20','mm',NULL),('d9509fc4-db7c-457d-a84b-9ae8ba15751b','NEEDLE_GAUGE','float','textbox',NULL,'16',NULL,NULL),('da3ad652-78aa-4493-b163-d03a9602ba56','CONSTANT_THERMAL_CONDUCTIVITY_TUMOUR','',NULL,'thermal conductivity (tumour)','0.5','W/m K',NULL),('db00b7fa-189f-4a47-b2c7-c2120a35be2f','NEEDLE_RING_WIDTH','float','select',NULL,'5','mm',NULL),('dc01459e-8925-47b6-8fbc-1e5eeda57d7a','NEEDLE_GAUGE','float','textbox',NULL,'16',NULL,NULL),('dc044207-a0ac-4013-9133-052c17b4793b','NEEDLE_CHOKE','boolean','select',NULL,'true',NULL,NULL),('ddf9f85a-7fc4-47f0-abf3-437c7eb2ab72','CONSTANT_RF_CONDUCTIVITY_TUMOUR','',NULL,'RF conductivity (tumour)','0.4','S/m',NULL),('de2d8447-5957-47f6-9a23-c5c7689ab3fe','MAX_POWER','float',NULL,NULL,NULL,NULL,NULL),('de366d76-11db-4d36-9314-430887c3bc81','NEEDLE_ACTIVE_THAWING_TEMPERATURE','float','textbox',NULL,'z',NULL,NULL),('de604103-0cab-476c-9d3f-61f671b2ead9','CONSTANT_SPECIFIC_HEAT_CAPACITY_TUMOUR','',NULL,'specific heat capacity (tumour)','3750','J/kg K',NULL),('de678543-7198-41d0-9342-8d6004927ab3','CONSTANT_PERFUSION_REFERENCE_TEMPERATURE','',NULL,'perfusion reference temperature','310.0','?',NULL),('de7638ad-955e-4ab9-8c80-4ecba737cdac','CONSTANT_BACKWARD_RATE','',NULL,'backward rate','0.00777','-',NULL),('de97e9d0-55b4-4bdd-9260-d72d7ea7d42f','NEEDLE_LENGTH','float','textbox',NULL,'270',NULL,NULL),('e081052c-6b25-452c-bcbe-5619006ff9eb','NEEDLE_GAUGE','float','textbox',NULL,'14',NULL,NULL),('e41e8dce-7456-4532-b2e7-f0fd0ae77ec7','CONSTANT_SPECIFIC_HEAT_CAPACITY_TISSUE','',NULL,NULL,NULL,NULL,NULL),('e563bed4-40ed-40aa-bc80-230096eaf56e','NEEDLE_ACTIVE_REGION','float','textbox',NULL,'20','mm',NULL),('e5693e10-f9fe-4e15-926a-0e1f82e3388f','NEEDLE_MAX_POWER_OUTPUT','float','textbox',NULL,'105',NULL,NULL),('e6ca4275-f04a-4a8b-82f7-b61e4f7317b6','NEEDLE_GAUGE','float','textbox',NULL,'16',NULL,NULL),('e985bcd3-0fb7-41e6-b519-f6b92bee6164','CONSTANT_BACKWARD_RATE','',NULL,'backward rate','0.00777','-',NULL),('ea73685f-d9ac-4166-9702-fcec60c2578d','CONSTANT_BACKWARD_RATE','',NULL,NULL,NULL,NULL,NULL),('eb56926a-0146-4aff-a81b-1b3bda9e8215','CONSTANT_IRE_ELECTRIC_CONDUCTIVITY_THRESHOLD_UPPER_TISSUE','',NULL,'IRE electric conductivity threshold (upper) (tissue)','70000','J',NULL),('ecec94de-8725-47e6-983a-bfad562d2f87','BODY_TEMPERATURE','float','textbox',NULL,NULL,NULL,NULL),('efa4cb2f-5e87-498b-859b-d501134e673f','NEEDLE_GAUGE','float','textbox',NULL,'x',NULL,NULL),('efe63041-8cb0-43db-a773-c990198af925','NEEDLE_SHAFT_LENGTH','float','textbox',NULL,'y',NULL,NULL),('f042dec8-b7ca-4911-b3ee-88d5011cd88e','NEEDLE_LENGTH','float','textbox',NULL,'150',NULL,NULL),('f0784e8e-7e4c-44c0-81a3-063c541b20c4','CONSTANT_SPECIFIC_HEAT_CAPACITY_TISSUE','',NULL,'specific heat capacity (tissue)','3886','J/kg K',NULL),('f1925d77-29ff-4205-a029-e5d3fea8fc62','CONSTANT_SPECIFIC_HEAT_CAPACITY_BLOOD','',NULL,'specific heat capacity (blood)','3617','J/kg K',NULL),('f23363d1-5252-4aaf-926f-15b97177a1a2','NEEDLE_COOLING','boolean','textbox',NULL,'true',NULL,NULL),('f3be8954-3fae-4b42-8f9b-9133f49a028f','CONSTANT_MW_RELATIVE_PERMEABILITY_TISSUE','',NULL,'MW relative permeability (tissue)','1',NULL,NULL),('f6520f16-8e13-4a68-b174-b95e27b7e055','NEEDLE_FREEZING_TEMPERATURE','float','textbox',NULL,'b',NULL,NULL),('f6e23fd8-0d87-464d-abbb-aa32c214785c','CONSTANT_IRE_ELECTRIC_CONDUCTIVITY_LOWER_TUMOUR','',NULL,'IRE electric conductivity (lower) (tumour)','0.2','S/m',NULL),('f87b4508-8f52-4dcc-ae28-ce5893e6d9f4','CONSTANT_EXPONENTIAL_RATE','',NULL,NULL,NULL,NULL,NULL),('f8bc95e3-c303-41e5-a84f-0b40ef2a0958','SETTING_TIMESTEP_SIZE','float','textbox',NULL,'4',NULL,NULL),('f900ad82-6def-4569-9c8b-fefe78e8973f','CONSTANT_MW_EFFECTIVE_ELECTRIC_CONDUCTIVITY_TISSUE','',NULL,'MW effective electric conductivity (tissue)','1.69',NULL,NULL),('f942ddc4-f97b-46ca-8080-e48fb9c56243','NEEDLE_MAX_POWER_OUTPUT','float','textbox',NULL,'90',NULL,NULL),('fb9eb217-474e-4cb6-84c3-a48053d8a57c','CONSTANT_INITIAL_CELLS_ALIVE','',NULL,'initial cells alive','0.99','-',NULL),('fc2935d1-b27a-454a-8e31-0abf52539205','CONSTANT_IRE_ELECTRIC_CONDUCTIVITY_THRESHOLD_LOWER_TISSUE','',NULL,'IRE electric conductivity threshold (lower) (tissue)','35000','J',NULL),('fcaeab53-f0e8-402c-9f16-da73c0564339','NEEDLE_EXTENSION','float','textbox',NULL,'4',NULL,NULL),('fd2c93d2-b0d1-4e7a-824b-200897f5cf2e','CONSTANT_BACKWARD_RATE','',NULL,'backward rate','0.00777','-',NULL),('fdce78a9-c07e-4211-80c7-eb22c574b874','NEEDLE_MIN_EXTENSION','float','textbox',NULL,'2',NULL,NULL),('fde3df75-515b-4a67-8e9e-910567c32e34','NEEDLE_MAX_POWER_OUTPUT','float','textbox',NULL,'90',NULL,NULL),('ffd42d06-8784-4a28-ac07-386d4c3c8d7e','CONSTANT_IRE_ANODE_SEQUENCE','',NULL,'IRE anode sequence','1 1 2 2 3 3 4 4 5',NULL,NULL);
/*!40000 ALTER TABLE `parameters` ENABLE KEYS */;
UNLOCK TABLES;

--
-- Table structure for table `power_generators`
--

DROP TABLE IF EXISTS `power_generators`;
/*!40101 SET @saved_cs_client     = @@character_set_client */;
/*!40101 SET character_set_client = utf8 */;
CREATE TABLE `power_generators` (
  `id` char(36) COLLATE utf8_unicode_ci NOT NULL,
  `modality_id` char(36) COLLATE utf8_unicode_ci NOT NULL,
  `name` varchar(255) COLLATE utf8_unicode_ci NOT NULL,
  `manufacturer` varchar(255) COLLATE utf8_unicode_ci NOT NULL,
  PRIMARY KEY (`id`),
  KEY `power_generators_modality_id_foreign` (`modality_id`),
  CONSTRAINT `power_generators_modality_id_foreign` FOREIGN KEY (`modality_id`) REFERENCES `modalities` (`id`)
) ENGINE=InnoDB DEFAULT CHARSET=utf8 COLLATE=utf8_unicode_ci;
/*!40101 SET character_set_client = @saved_cs_client */;

--
-- Dumping data for table `power_generators`
--

LOCK TABLES `power_generators` WRITE;
/*!40000 ALTER TABLE `power_generators` DISABLE KEYS */;
INSERT INTO `power_generators` VALUES ('1dfe0ab8-40a7-40d8-bc1b-47eca360a5ae','e74fb60d-6f9b-4044-a595-5f844d7a0d38','Visual-ICE','Galil Medical'),('224ff20e-e52a-4ace-9e7c-95537203a4ae','eb57b778-83b7-4189-ab53-beb1dee27378','AMICA-GEN AGN-H-1.0','HS'),('47869a9f-6d0f-442a-af6f-dad6fbd069e6','e74fb60d-6f9b-4044-a595-5f844d7a0d38','MRI SeedNet','Galil Medical'),('56e90cfb-6f26-468f-b40d-cf1a89bbbec9','35942304-aea2-4ab6-ace8-ffeabe52cfcc','Angiodynamics','Angiodynamics'),('691ea2ab-4ef3-4adb-a7af-e7480a896913','6c0043c4-72e8-45fa-85c7-e0f3fcd7cbd4','RF3000','Boston Scientific'),('7800bc0b-d545-4cc2-81e0-bb5f2eb0b3be','6c0043c4-72e8-45fa-85c7-e0f3fcd7cbd4','1500X RF','RITA'),('a3fb24c8-cf0a-4a68-836d-b5e70e42d6dc','e74fb60d-6f9b-4044-a595-5f844d7a0d38','Presice','Galil Medical'),('cc576e83-a07d-4a3d-ade1-495b2cdba108','e74fb60d-6f9b-4044-a595-5f844d7a0d38','SeedNet','Galil Medical');
/*!40000 ALTER TABLE `power_generators` ENABLE KEYS */;
UNLOCK TABLES;

--
-- Table structure for table `protocols`
--

DROP TABLE IF EXISTS `protocols`;
/*!40101 SET @saved_cs_client     = @@character_set_client */;
/*!40101 SET character_set_client = utf8 */;
CREATE TABLE `protocols` (
  `id` char(36) COLLATE utf8_unicode_ci NOT NULL,
  `modality_id` char(36) COLLATE utf8_unicode_ci NOT NULL,
  `name` varchar(255) COLLATE utf8_unicode_ci NOT NULL,
  PRIMARY KEY (`id`),
  KEY `protocols_modality_id_foreign` (`modality_id`),
  CONSTRAINT `protocols_modality_id_foreign` FOREIGN KEY (`modality_id`) REFERENCES `modalities` (`id`)
) ENGINE=InnoDB DEFAULT CHARSET=utf8 COLLATE=utf8_unicode_ci;
/*!40101 SET character_set_client = @saved_cs_client */;

--
-- Dumping data for table `protocols`
--

LOCK TABLES `protocols` WRITE;
/*!40000 ALTER TABLE `protocols` DISABLE KEYS */;
INSERT INTO `protocols` VALUES ('0991cb62-81bf-4f37-a008-f3fa2ce03e86','6c0043c4-72e8-45fa-85c7-e0f3fcd7cbd4','RITA Starburst 3cm Protocol'),('12744057-1a2a-4c20-aa6c-80c36b4c8ad4','6c0043c4-72e8-45fa-85c7-e0f3fcd7cbd4','RITA Starburst 2cm Protocol'),('38e98665-e6fb-4f46-b92a-14eff448221f','6c0043c4-72e8-45fa-85c7-e0f3fcd7cbd4','LeVeen Standard 3.5cm Ablation Algorithm'),('6c944a98-3e77-4794-8226-abdc6aed6b69','35942304-aea2-4ab6-ace8-ffeabe52cfcc','Empty'),('717f6bc5-b343-4d55-bf00-cba1fe7234a8','6c0043c4-72e8-45fa-85c7-e0f3fcd7cbd4','LeVeen Standard 4cm Ablation Algorithm'),('8a1cc158-befd-496c-b3ae-7d0ce3f75b1a','eb57b778-83b7-4189-ab53-beb1dee27378','Generic modifiable power'),('93abe297-ef62-4cb3-a963-d7b48b772f4e','6c0043c4-72e8-45fa-85c7-e0f3fcd7cbd4','LeVeen Super Slim 2cm Ablation Algorithm'),('95a9dc67-0d97-42b9-850d-697f7bc31c88','6c0043c4-72e8-45fa-85c7-e0f3fcd7cbd4','RITA Starburst 5cm Protocol'),('afea9c82-8a75-4083-8439-dd647656322a','6c0043c4-72e8-45fa-85c7-e0f3fcd7cbd4','LeVeen Standard 3cm Ablation Algorithm'),('e0c088c6-228a-4642-a8ee-249d04f86afd','e74fb60d-6f9b-4044-a595-5f844d7a0d38','Empty'),('eac95df6-dd8d-4a29-a0bc-c269250ac948','6c0043c4-72e8-45fa-85c7-e0f3fcd7cbd4','RITA Starburst 4cm Protocol'),('f1f81cea-d4ce-4c7b-a825-90b6458c764b','6c0043c4-72e8-45fa-85c7-e0f3fcd7cbd4','LeVeen Standard 5cm Ablation Algorithm'),('f5a7fd6a-7275-4b6e-97d5-7e4c7a9315c3','6c0043c4-72e8-45fa-85c7-e0f3fcd7cbd4','LeVeen Super Slim 3cm Ablation Algorithm');
/*!40000 ALTER TABLE `protocols` ENABLE KEYS */;
UNLOCK TABLES;

--
-- Table structure for table `regions`
--

DROP TABLE IF EXISTS `regions`;
/*!40101 SET @saved_cs_client     = @@character_set_client */;
/*!40101 SET character_set_client = utf8 */;
CREATE TABLE `regions` (
  `id` char(36) COLLATE utf8_unicode_ci NOT NULL,
  `name` varchar(255) COLLATE utf8_unicode_ci NOT NULL,
  `format` varchar(255) COLLATE utf8_unicode_ci NOT NULL,
  `groups` varchar(255) COLLATE utf8_unicode_ci NOT NULL,
  `segmentation` varchar(255) COLLATE utf8_unicode_ci NOT NULL,
  `created_at` timestamp NOT NULL DEFAULT '0000-00-00 00:00:00',
  `updated_at` timestamp NOT NULL DEFAULT '0000-00-00 00:00:00',
  PRIMARY KEY (`id`)
) ENGINE=InnoDB DEFAULT CHARSET=utf8 COLLATE=utf8_unicode_ci;
/*!40101 SET character_set_client = @saved_cs_client */;

--
-- Dumping data for table `regions`
--

LOCK TABLES `regions` WRITE;
/*!40000 ALTER TABLE `regions` DISABLE KEYS */;
INSERT INTO `regions` VALUES ('498ea3ed-f427-481d-8d82-296eac50902a','veins','surface','[\"vessels\", \"veins\"]','','0000-00-00 00:00:00','0000-00-00 00:00:00'),('502b0006-c563-4594-955d-731cc3041757','vessels','surface','[\"vessels\"]','','0000-00-00 00:00:00','0000-00-00 00:00:00'),('68b1431b-b264-4e5c-b0c3-2e5b59c3264c','organ','surface','[\"boundary\"]','','0000-00-00 00:00:00','0000-00-00 00:00:00'),('763db803-6ad6-497b-a76c-6bab190eb15d','tumour','surface','[\"tumour\"]','','0000-00-00 00:00:00','0000-00-00 00:00:00'),('99264216-8240-4e5b-b958-56dcb74d943a','bronchi','surface','[\"bronchi\"]','','0000-00-00 00:00:00','0000-00-00 00:00:00'),('fab45d85-0e87-40bb-aea2-b8294bb3fa3e','arteries','surface','[\"vessels\", \"arteries\"]','','0000-00-00 00:00:00','0000-00-00 00:00:00');
/*!40000 ALTER TABLE `regions` ENABLE KEYS */;
UNLOCK TABLES;

--
-- Table structure for table `results`
--

DROP TABLE IF EXISTS `results`;
/*!40101 SET @saved_cs_client     = @@character_set_client */;
/*!40101 SET character_set_client = utf8 */;
CREATE TABLE `results` (
  `id` char(36) COLLATE utf8_unicode_ci NOT NULL,
  `numerical_model_id` char(36) COLLATE utf8_unicode_ci NOT NULL,
  `name` varchar(255) COLLATE utf8_unicode_ci NOT NULL,
  `type` varchar(255) COLLATE utf8_unicode_ci NOT NULL,
  `widget` varchar(255) COLLATE utf8_unicode_ci NOT NULL,
  `short_description` varchar(255) COLLATE utf8_unicode_ci NOT NULL,
  `help_text` text COLLATE utf8_unicode_ci NOT NULL,
  `created_at` timestamp NOT NULL DEFAULT '0000-00-00 00:00:00',
  `updated_at` timestamp NOT NULL DEFAULT '0000-00-00 00:00:00',
  PRIMARY KEY (`id`),
  KEY `results_numerical_model_id_foreign` (`numerical_model_id`),
  CONSTRAINT `results_numerical_model_id_foreign` FOREIGN KEY (`numerical_model_id`) REFERENCES `numerical_models` (`id`)
) ENGINE=InnoDB DEFAULT CHARSET=utf8 COLLATE=utf8_unicode_ci;
/*!40101 SET character_set_client = @saved_cs_client */;

--
-- Dumping data for table `results`
--

LOCK TABLES `results` WRITE;
/*!40000 ALTER TABLE `results` DISABLE KEYS */;
/*!40000 ALTER TABLE `results` ENABLE KEYS */;
UNLOCK TABLES;

--
-- Table structure for table `simulations`
--

DROP TABLE IF EXISTS `simulations`;
/*!40101 SET @saved_cs_client     = @@character_set_client */;
/*!40101 SET character_set_client = utf8 */;
CREATE TABLE `simulations` (
  `id` char(36) COLLATE utf8_unicode_ci NOT NULL,
  `combination_id` char(36) COLLATE utf8_unicode_ci NOT NULL,
  `parameter_data` text COLLATE utf8_unicode_ci NOT NULL,
  `region_data` text COLLATE utf8_unicode_ci NOT NULL,
  `needle_data` text COLLATE utf8_unicode_ci NOT NULL,
  `created_at` timestamp NOT NULL DEFAULT '0000-00-00 00:00:00',
  `updated_at` timestamp NOT NULL DEFAULT '0000-00-00 00:00:00',
  PRIMARY KEY (`id`),
  KEY `simulations_combination_id_foreign` (`combination_id`),
  CONSTRAINT `simulations_combination_id_foreign` FOREIGN KEY (`combination_id`) REFERENCES `combinations` (`id`)
) ENGINE=InnoDB DEFAULT CHARSET=utf8 COLLATE=utf8_unicode_ci;
/*!40101 SET character_set_client = @saved_cs_client */;

--
-- Dumping data for table `simulations`
--

LOCK TABLES `simulations` WRITE;
/*!40000 ALTER TABLE `simulations` DISABLE KEYS */;
INSERT INTO `simulations` VALUES ('2e11b61b-9e62-4fca-adbe-4f4d4542da30','33c392dd-d4ba-43e5-8ff6-50e4ce6d4cd1','{\"SETTING_FINAL_TIMESTEP\":225}','{\"organ\":[\"organ.vtp\"],\"vessels\":[\"vessels1.vtp\",\"vessels2.vtp\"],\"tumour\":[\"tumour.vtp\"]}','{\"needle1\":{\"id\":\"37cc6771-8c92-4ca8-8e24-d3059bb499df\",\"parameters\":{\"NEEDLE_TIP_LOCATION\":\"[5.0, 3.0, 1.0]\",\"NEEDLE_ENTRY_LOCATION\":\"[5.0, 3.0, 2.0]\"}}}','2015-02-18 09:54:17','2015-02-18 09:54:17');
/*!40000 ALTER TABLE `simulations` ENABLE KEYS */;
UNLOCK TABLES;
/*!40103 SET TIME_ZONE=@OLD_TIME_ZONE */;

/*!40101 SET SQL_MODE=@OLD_SQL_MODE */;
/*!40014 SET FOREIGN_KEY_CHECKS=@OLD_FOREIGN_KEY_CHECKS */;
/*!40014 SET UNIQUE_CHECKS=@OLD_UNIQUE_CHECKS */;
/*!40101 SET CHARACTER_SET_CLIENT=@OLD_CHARACTER_SET_CLIENT */;
/*!40101 SET CHARACTER_SET_RESULTS=@OLD_CHARACTER_SET_RESULTS */;
/*!40101 SET COLLATION_CONNECTION=@OLD_COLLATION_CONNECTION */;
/*!40111 SET SQL_NOTES=@OLD_SQL_NOTES */;

-- Dump completed on 2015-02-19 11:39:31
